valorv;expos;nsinistros;csinistros;tipov;idadev;sexoc;areac;idadec
1,66;0,484599589;1;669,5099993;SEDAN;3;M;B;6
1,51;0,993839836;1;806,6099987;SEDAN;3;F;F;4
0,76;0,539356605;1;401,8054514;HBACK;3;M;C;4
1,89;0,654346338;2;1811,709997;STNWG;3;M;F;2
4,06;0,851471595;1;5434,439987;STNWG;2;M;F;3
1,39;0,317590691;1;865,789999;HBACK;3;F;A;4
2,66;0,317590691;1;1105,769999;STNWG;1;F;F;5
0,5;0,071184121;1;200;HBACK;4;F;A;5
1,16;0,596851472;2;739,2299995;STNWG;4;F;B;2
3,56;0,906228611;1;3230,599999;MCARA;3;M;F;4
2,15;0,654346338;1;200;SEDAN;3;F;A;5
3,03;0,90349076;1;200;TRUCK;1;M;C;1
2,41;0,339493498;1;407,8399997;STNWG;3;M;E;1
1,72;0,616016427;1;1619,829998;STNWG;2;F;A;6
1,92;0,616016427;1;1010,919998;STNWG;4;M;A;5
2,649;0,257357974;1;9424,349976;TRUCK;1;M;A;1
1,86;0,616016427;1;238,6400003;SEDAN;2;F;C;3
1,54;0,616016427;1;200;STNWG;2;F;B;3
1,88;0,750171116;1;369,1799998;PANVN;3;M;D;3
0,89;0,684462697;1;353,77;SEDAN;3;F;D;3
4,46;0,191649555;1;989,9199982;COUPE;2;M;B;2
4,32;0,646132786;1;736,8499985;STNWG;2;M;A;5
5,59;0,851471595;1;369,1499996;STNWG;1;M;C;3
1,44;0,665297741;1;500;UTE;4;M;F;2
2,81;0,851471595;1;353,77;STNWG;1;M;C;3
3;0,613278576;1;6372,029999;STNWG;3;F;C;2
2,29;0,353182752;1;500;STNWG;4;F;F;4
0,39;0,925393566;1;1379,039997;SEDAN;4;F;C;6
1,29;0,925393566;1;200;SEDAN;3;M;D;3
1,13;0,377823409;1;937,5599957;SEDAN;4;F;B;1
0;0,999315537;2;2724,339996;STNWG;4;M;A;3
2,41;0,750171116;1;12879,65997;HBACK;1;F;B;3
3,47;0,246406571;1;937,2799988;SEDAN;1;M;B;3
3,14;0,851471595;2;19142,13268;TRUCK;3;M;C;1
1,98;0,911704312;1;2659,369995;STNWG;4;M;C;6
3,3;0,906228611;1;2349,349999;STNWG;2;M;A;5
0,62;0,908966461;1;367,7299995;STNWG;4;M;C;6
2,64;0,525667351;1;462,6999989;UTE;2;F;C;1
7,199;0,999315537;1;782,3599987;STNWG;1;F;C;1
1,65;0,087611225;1;353,77;STNWG;4;M;C;5
0,51;0,911704312;1;2494,599999;HBACK;4;F;B;6
1,749;0,413415469;1;13589,78995;HBACK;1;F;A;2
2,39;0,908966461;1;2981,809998;HDTOP;2;M;C;4
3,59;0,884325804;1;231,96;SEDAN;4;F;A;4
1,11;0,906228611;1;200;HBACK;3;F;A;6
1,14;0,911704312;2;1043,699999;SEDAN;3;F;C;4
1,64;0,908966461;1;1114,189999;HBACK;2;F;C;4
2,35;0,90349076;1;200;SEDAN;2;M;C;2
1,29;0,908966461;1;1753,889999;SEDAN;3;F;E;6
1,65;0,6954141;1;11469,09;STNWG;4;M;F;1
1,99;0,90349076;1;200,0000111;STNWG;2;M;B;3
1,04;0,717316906;1;200;HBACK;2;F;C;4
1,63;0,640657084;2;1255,539997;SEDAN;2;F;A;3
3,76;0,848733744;1;623,4499998;UTE;1;F;C;2
1,82;0,76659822;1;361,9899998;HBACK;2;F;B;3
0,89;0,752908967;1;931,3299999;HBACK;3;F;B;4
0,54;0,848733744;1;389,9499998;HBACK;4;F;D;3
6,359;0,777549624;1;200;STNWG;1;M;C;4
1,26;0,6954141;1;498,3499994;STNWG;3;F;B;2
1,1;0,687200548;2;400;SEDAN;4;F;B;2
0,71;0,355920602;1;353,77;HBACK;4;F;D;1
2,27;0,145106092;1;200;SEDAN;1;F;C;2
1,1;0,342231348;1;3070,869995;SEDAN;3;F;B;4
1,24;0,402464066;1;200;HBACK;3;M;A;5
1,13;0,854209446;1;389,9499998;SEDAN;3;F;E;2
0,46;0,90349076;1;265;SEDAN;4;M;B;3
1,3;0,90349076;1;620,2099991;SEDAN;3;F;A;6
1,47;0,5229295;1;461,2499981;SEDAN;2;F;D;6
1,51;0,90349076;1;3682,329994;STNWG;4;F;E;3
1,42;0,922655715;1;6110,979996;SEDAN;3;F;C;4
1,53;0,509240246;1;2458,329994;PANVN;2;F;C;3
1,66;0,221765914;1;353,7999997;UTE;4;M;C;2
1,43;0,213552361;1;391,3099999;SEDAN;2;F;A;1
1,81;0,917180014;1;782,4099999;SEDAN;2;F;B;3
1,26;0,900752909;1;5188,319992;HBACK;2;M;C;6
3,4;0,010951403;1;20890,57996;STNWG;2;M;F;1
1,78;0,922655715;1;200;HBACK;2;F;B;5
2,9;0,845995893;1;270,7399998;SEDAN;1;F;C;5
4,27;0,900752909;1;200;STNWG;2;F;C;5
3,35;0,331279945;1;389,9499998;TRUCK;2;F;F;2
3,3;0,793976728;1;785,039999;SEDAN;1;F;D;4
0,44;0,616016427;1;1438,269997;HBACK;4;M;D;3
3,33;0,65982204;1;1180,109999;STNWG;3;F;B;3
1,19;0,744695414;1;1134;SEDAN;3;F;A;2
1,37;0,900752909;1;200;HBACK;1;M;A;2
2,06;0,24366872;1;2087,779999;STNWG;3;M;E;2
1,54;0,845995893;2;400,0099945;HBACK;2;F;C;1
0,73;0,331279945;1;200;HBACK;3;F;C;4
1,49;0,514715948;1;1630,549999;HBACK;1;F;A;5
4,73;0,525667351;2;1642,679997;STNWG;1;M;E;2
1,36;0,900752909;1;696,2099991;SEDAN;3;F;A;6
3,549;0,911704312;1;542,6499996;STNWG;1;M;B;6
2,63;0,900752909;1;3361,729996;SEDAN;1;M;D;5
1,11;0,900752909;1;507,8399992;HBACK;3;F;D;4
2,22;0,900752909;1;367,7299995;SEDAN;1;F;C;4
0,99;0,900752909;1;820,789999;SEDAN;4;M;A;5
2,2;0,79945243;1;1244,16;HBACK;1;F;B;6
3,17;0,900752909;1;512;TRUCK;3;M;E;5
1,49;0,900752909;1;353,7999997;UTE;4;M;C;1
1,67;0,755646817;1;200;HBACK;3;F;C;2
3,94;0,583162218;1;480;STNWG;2;F;D;4
3,3;0,796714579;1;1864,089996;UTE;2;M;E;1
1,29;0,6954141;1;635,0999994;SEDAN;3;M;C;3
2,12;0,845995893;1;3682,25;STNWG;3;F;E;3
0,81;0,744695414;1;367,7299995;HBACK;3;M;C;3
2,76;0,6954141;1;4460,769989;STNWG;2;F;B;3
2,74;0,145106092;1;24718,17999;STNWG;3;M;C;2
3,12;0,219028063;1;200;SEDAN;3;F;B;2
0,67;0,898015058;1;523,54;SEDAN;4;F;C;6
0,92;0,845995893;1;200;HBACK;3;F;A;3
1,86;0,919917865;1;403,6299996;SEDAN;2;F;A;6
3,66;0,281998631;1;518,1799994;STNWG;3;F;F;3
4,7;0,845995893;1;353,77;STNWG;1;M;A;5
0,91;0,210814511;1;286,3799992;STNWG;3;F;A;4
1,51;0,780287474;1;4791,479996;SEDAN;3;F;B;1
1,44;0,511978097;1;369,1499996;STNWG;4;F;A;2
0,74;0,898015058;1;2814,589996;SEDAN;4;M;A;2
1,18;0,898015058;1;200;SEDAN;3;F;A;4
1,38;0,632443532;1;200;SEDAN;3;M;C;4
1,05;0,098562628;1;8870,719971;SEDAN;3;F;C;5
0,65;0,635181383;1;200;SEDAN;4;F;E;4
2,76;0,588637919;1;200;STNWG;1;F;A;3
1,59;0,216290212;1;930,8099976;UTE;2;M;B;2
0,89;0,783025325;1;353,7999997;TRUCK;4;M;C;3
0,98;0,062970568;1;200;SEDAN;3;M;C;1
2,01;0,62422998;1;1417,272724;PANVN;2;M;C;3
2,75;0,114989733;1;200;STNWG;1;F;D;1
0,85;0,898015058;1;1683,779999;HBACK;3;F;B;1
1,26;0,917180014;1;342,6400032;HBACK;2;F;C;2
0,6;0,509240246;1;1820,339996;HBACK;4;F;E;1
4,349;0,290212183;1;2246,022999;UTE;1;F;E;1
1,03;0,895277207;1;200;HBACK;4;F;D;3
1,74;0,509240246;1;200;STNWG;4;M;C;2
1,54;0,301163587;1;200;SEDAN;2;M;E;2
1,01;0,509240246;2;21769,65361;HBACK;2;F;D;2
1,56;0,709103354;1;1265,449997;HBACK;2;M;A;3
1,13;0,613278576;1;1656,429997;SEDAN;3;M;C;4
1,95;0,610540726;1;470,1099987;STNWG;3;M;D;4
1,8;0,613278576;3;4076,819997;SEDAN;2;M;B;6
0,43;0,698151951;1;420;SEDAN;4;F;B;2
0,76;0,610540726;1;1426,009998;HBACK;3;F;C;5
3,18;0,388774812;2;2212,689998;STNWG;2;F;A;5
2,61;0,386036961;1;200;STNWG;2;F;A;4
2,11;0,509240246;1;353,77;SEDAN;2;M;C;2
1,97;0,268309377;1;200;SEDAN;2;F;C;4
1,48;0,235455168;1;9278,859985;HBACK;1;M;D;1
1,4;0,917180014;1;200;SEDAN;3;F;C;3
0,84;0,59137577;1;2669,839996;HBACK;3;M;C;5
1,35;0,506502396;1;200;SEDAN;3;M;C;2
0,34;0,216290212;1;640,727272;HBACK;4;F;A;4
1,45;0,991101985;1;390;UTE;4;M;E;1
1,23;0,506502396;1;3105,699997;HBACK;2;F;D;2
3,85;0,216290212;1;1747,439999;STNWG;1;F;C;3
2,12;0,607802875;1;567,1499996;SEDAN;1;F;D;3
0,68;0,607802875;1;200;HBACK;4;F;C;5
2,45;0,213552361;1;909,6499996;SEDAN;1;M;C;6
1,39;0,060232717;1;200;HBACK;1;M;A;6
2,33;0,59137577;1;401,0499997;STNWG;2;F;A;4
1,99;0,407939767;1;450,0499997;SEDAN;2;F;E;3
2,33;0,662559891;1;200;STNWG;3;F;F;3
0,93;0,837782341;1;3744,539993;SEDAN;3;F;C;3
0,79;0,889801506;1;1084,779999;HBACK;4;M;B;2
1,24;0,837782341;1;389,9499998;HBACK;2;F;F;1
0,92;0,837782341;1;372,27;HBACK;3;F;D;4
1,18;0,837782341;1;438,5;TRUCK;4;M;B;5
1,21;0,298425736;1;200;COUPE;4;M;B;3
0,9;0,881587953;1;683;HBACK;3;F;A;3
2,16;0,506502396;1;200;HBACK;1;F;B;2
1,28;0,785763176;1;1454,029999;SEDAN;3;F;B;4
1,65;0,807665982;1;200;SEDAN;3;M;B;3
3,63;0,506502396;1;404,5454545;STNWG;2;F;D;5
3,57;0,83504449;1;200;UTE;1;M;A;2
1,19;0,889801506;1;567,9499998;STNWG;4;M;B;4
3,45;0,914442163;1;1347,329998;HDTOP;2;M;F;4
1,02;0,399726215;1;200;SEDAN;4;M;C;4
1,23;0,785763176;1;353,77;HBACK;2;F;C;2
4,25;0,396988364;1;353,77;STNWG;2;M;B;4
1,349;0,506502396;1;200;HBACK;1;F;B;1
1,99;0,396988364;1;359,5;STNWG;4;M;A;3
1,67;0,295687885;1;200;HBACK;2;F;C;3
1,08;0,213552361;1;2370,989998;HBACK;3;F;C;4
1,17;0,506502396;1;200;SEDAN;3;F;A;5
4,58;0,257357974;2;1875,139999;STNWG;1;M;D;2
0,65;0,506502396;1;200;SEDAN;4;M;C;2
0,79;0,394250513;1;353,77;HBACK;3;F;C;1
1,55;0,503764545;1;2434,609993;HBACK;1;F;C;5
0,39;0,396988364;1;359,5;STNWG;4;F;C;4
0,95;0,602327173;1;200;SEDAN;4;M;C;4
0,83;0,602327173;1;2326,449997;STNWG;4;M;D;2
2,61;0,602327173;1;376,6299996;STNWG;4;F;E;5
1,29;0,057494867;1;353,77;HDTOP;4;F;C;1
2,33;0,605065024;1;3563,409996;UTE;2;M;C;6
0,39;0,506502396;1;390;SEDAN;4;F;C;4
1,21;0,599589322;1;1702,759998;HBACK;2;F;D;1
0,9;0,506502396;1;377,8499999;UTE;4;F;B;2
2,18;0,506502396;1;748,4499989;SEDAN;2;M;C;4
0,74;0,399726215;1;947,75;HBACK;4;F;B;5
0,97;0,399726215;1;1657,949997;SEDAN;3;F;C;4
1,66;0,336755647;1;13172,72998;STNWG;4;F;F;4
1,428;0,654346338;1;200;HBACK;1;M;A;4
3,4;0,602327173;1;345;UTE;1;M;B;5
1,74;0,396988364;1;579,3199997;SEDAN;1;M;B;2
1,73;0,629705681;1;200;SEDAN;2;F;C;4
1,45;0,862422998;1;1210,949999;SEDAN;3;F;F;5
2,79;0,410677618;1;1532,929997;STNWG;2;M;F;3
2,54;0,914442163;1;1335,82;TRUCK;3;M;D;2
2,43;0,83504449;1;5823,949997;SEDAN;1;M;B;2
3,28;0,832306639;1;372,27;STNWG;1;M;B;3
1,44;0,629705681;1;2418,809998;UTE;4;M;F;5
1,73;0,629705681;1;3931,25;HBACK;2;F;E;6
0,86;0,83504449;1;272,0900002;SEDAN;4;F;A;3
1,42;0,76659822;1;200;SEDAN;3;M;A;3
2,999;0,83504449;1;200;STNWG;1;M;D;1
4,85;0,112251882;1;1957,23;STNWG;2;M;B;4
0,84;0,164271047;1;7796,369995;HBACK;3;F;C;2
0,99;0,76659822;1;353,77;HBACK;3;F;C;2
1,61;0,295687885;1;353,77;HBACK;2;F;B;3
2,44;0,884325804;1;1659,379997;SEDAN;1;M;A;6
1,09;0,323066393;1;3725,461823;STNWG;3;M;C;6
1,08;0,898015058;1;834,5299988;SEDAN;3;F;C;6
1,63;0,898015058;1;1544,089996;HDTOP;3;F;B;3
1,01;0,898015058;1;353,77;HBACK;3;F;C;3
1,98;0,898015058;1;1020,56;STNWG;4;M;C;4
0,92;0,476386037;1;1449,143635;HBACK;4;M;C;3
1,559;0,791238878;1;393,7999997;HBACK;1;F;C;1
4,11;0,887063655;1;837,1999989;STNWG;1;F;F;1
1,59;0,62696783;1;696,4799995;SEDAN;3;M;A;4
2,41;0,856947296;1;385,0899992;STNWG;3;M;A;5
1,28;0,13963039;1;4057,809998;STNWG;4;F;C;5
1,86;0,856947296;1;882,0999985;HBACK;1;M;A;5
1,89;0,859685147;1;1785,739998;SEDAN;2;F;D;4
1,1;0,856947296;1;353,77;SEDAN;3;F;C;3
1,82;0,780287474;1;1211,349999;STNWG;2;M;C;4
3,32;0,503764545;2;959,4199991;STNWG;1;F;C;5
2,23;0,142368241;1;1176,81;SEDAN;1;F;B;4
1,6;0,859685147;1;721,2599983;HBACK;3;F;A;4
1,56;0,271047228;1;252,3899994;HDTOP;4;M;D;2
1,12;0,856947296;1;221;HBACK;3;M;C;4
2,29;0,443531828;1;2311,189995;STNWG;3;F;E;3
1,09;0,788501027;1;861,1599999;SEDAN;4;F;A;2
2,2;0,769336071;1;1235,369999;STNWG;2;M;C;2
2,68;0,884325804;1;200;SEDAN;1;F;E;4
2,5;0,832306639;1;870,1299992;HDTOP;1;F;C;4
2,3;0,20807666;1;2287,709999;STNWG;3;F;A;3
2,34;0,772073922;2;1987,799999;MIBUS;4;F;E;4
1,41;0,490075291;1;3442,463631;SEDAN;2;F;A;1
3,22;0,999315537;2;3608,179998;UTE;2;F;C;1
2,38;0,829568789;1;1076,15;STNWG;3;F;B;3
0,58;0,134154689;1;3663,409996;COUPE;4;F;A;6
1,61;0,895277207;1;233,2699995;SEDAN;2;M;C;5
1,23;0,895277207;1;1140,189999;HBACK;2;F;A;5
0,44;0,832306639;1;2438,579994;HBACK;4;F;C;2
1,3;0,714579055;1;200;HBACK;2;F;A;1
3,06;0,832306639;1;389,9499998;STNWG;3;M;D;2
1,14;0,906228611;2;2701,219997;UTE;4;M;C;4
1,06;0,265571526;1;353,77;HBACK;4;F;C;2
0,88;0,394250513;1;616,8099995;SEDAN;3;F;D;6
5,27;0,394250513;1;250;STNWG;2;F;D;6
1,78;0,394250513;1;1522,219997;SEDAN;2;F;C;4
1,65;0,605065024;1;4795,48999;SEDAN;2;F;B;3
2,13;0,394250513;1;200;SEDAN;2;F;C;6
0,81;0,432580424;1;7195,779984;HBACK;4;F;D;2
2,66;0,865160849;1;887,3899994;STNWG;3;M;A;5
2,66;0,287474333;1;1233,469997;STNWG;2;M;B;3
4,8;0,865160849;1;353,7999997;HDTOP;1;M;A;1
2,36;0,925393566;1;462,25;STNWG;3;F;C;2
0,71;0,906228611;1;727,1699982;SEDAN;4;M;D;3
1,8;0,906228611;1;200;STNWG;2;F;A;5
4,71;0,999315537;1;200;STNWG;1;F;D;6
1,13;0,24366872;1;408,1299996;SEDAN;3;F;A;1
2,24;0,807665982;1;200;STNWG;3;M;B;2
1,29;0,440793977;1;404,5454545;STNWG;4;F;F;3
1,31;0,881587954;1;200;HBACK;1;M;A;5
1,25;0,829568789;1;482,8999996;STNWG;4;M;D;4
0,4;0,829568789;1;384,5;STNWG;4;M;B;3
4,42;0,501026694;1;1349,939999;TRUCK;1;M;D;4
5,14;0,815879535;1;390;STNWG;1;F;B;2
2,65;0,703627652;1;810,6499996;SEDAN;2;F;C;4
0,73;0,131416838;1;353,1399999;STNWG;4;M;A;4
1,24;0,829568789;1;508,1199999;HBACK;2;F;B;4
1,22;0,999315537;1;472;HBACK;3;F;C;4
0,64;0,772073922;1;200;HBACK;4;M;D;2
1,04;0,698151951;1;353,77;HBACK;2;F;E;4
0,62;0,320328542;1;4368,299988;UTE;4;M;A;1
3,2;0,298425736;1;490,8199997;STNWG;3;F;F;3
0,71;0,629705681;1;271,7299995;STNWG;4;F;A;2
3,98;0,684462697;1;1328,679997;STNWG;2;M;F;4
1,26;0,829568789;1;353,77;HBACK;2;F;A;1
1,47;0,774811773;1;200;UTE;4;M;C;3
1,82;0,596851472;1;1358,109997;HBACK;2;M;D;6
1,6;0,596851472;1;3690,289993;SEDAN;2;F;D;3
2,01;0,596851472;1;908,3899994;HBACK;1;M;C;3
2,76;0,090349076;1;480;SEDAN;1;M;D;6
1,05;0,596851472;1;9301,849976;PANVN;4;M;A;3
3,29;0,802190281;1;3159,529999;STNWG;1;M;B;5
1,52;0,878850103;1;404,3099976;SEDAN;2;M;A;2
1,2;0,435318275;2;968,3299999;SEDAN;3;M;C;3
1,89;0,881587954;1;4767,109985;SEDAN;2;F;E;4
1,02;0,492813142;1;353,77;HBACK;3;M;A;3
2,77;0,922655715;1;353,77;STNWG;1;F;C;2
0,71;0,826830938;1;353,77;STNWG;4;F;C;2
1,6;0,284736482;1;3112,32;UTE;3;M;A;3
0,98;0,714579055;1;200;HBACK;3;M;C;1
0,97;0,826830938;2;4108,699997;SEDAN;3;F;E;5
1,85;0,996577687;1;1251;SEDAN;1;M;B;4
1,57;0,900752909;1;200;HBACK;2;F;B;6
1,15;0,826830938;1;1502,049999;SEDAN;3;M;A;6
4,64;0,38329911;1;1827,639999;STNWG;1;F;B;2
0,54;0,492813142;1;644,5499992;COUPE;4;M;C;2
2,9;0,826830938;1;600,5899992;SEDAN;1;F;C;5
3,47;0,386036961;1;769,0099983;STNWG;1;F;C;3
3,91;0,536618754;1;3575,179993;UTE;1;M;E;3
1,18;0,900752909;1;542,25;SEDAN;3;F;B;3
0,9;0,292950034;1;1182,709999;SEDAN;3;M;C;4
1,74;0,492813142;1;389,9499998;STNWG;4;F;F;3
2,52;0,826830938;1;345;TRUCK;3;M;B;2
0,37;0,492813142;1;715,7599983;UTE;4;M;A;1
1,3;0,550308008;1;1240,339996;SEDAN;3;F;C;4
1,46;0,386036961;1;7160,639999;SEDAN;3;F;B;5
3,97;0,613278576;1;389,9499998;STNWG;2;F;E;5
0,54;0,386036961;1;2655,619995;HBACK;4;F;C;3
1,73;0,490075291;1;2523,023636;HBACK;1;F;A;2
0,79;0,391512663;1;390;TRUCK;3;F;D;1
0,84;0,826830938;1;4146,349999;HBACK;3;F;C;4
2,5;0,120465435;1;1388,969997;UTE;3;M;C;4
0,85;0,325804244;1;7614,799988;HBACK;3;F;C;2
2,66;0,536618754;1;1730,619999;SEDAN;1;M;B;1
0,78;0,824093087;1;1192,339998;STNWG;4;M;A;4
1,76;0,774811773;1;2821,909996;HBACK;1;F;B;1
0,6;0,898015058;1;1627,349999;SEDAN;4;M;A;4
3,74;0,492813142;1;553,6499996;STNWG;2;M;B;4
1,63;0,533880904;1;4927,089996;HBACK;1;M;E;4
1,42;0,876112252;1;200;SEDAN;3;F;C;3
2,96;0,616016427;1;232,8000002;STNWG;3;M;C;6
1,75;0,309377139;1;353,7999997;STNWG;4;F;F;3
0,41;0,594113621;1;3087,399994;STNWG;4;M;A;4
1,2;0,594113621;1;2640,679993;SEDAN;4;F;E;4
1,03;0,594113621;1;200;HBACK;2;F;E;2
0,53;0,577686516;1;6183,63562;HBACK;4;M;C;6
3,39;0,594113621;1;369,1499996;STNWG;3;M;E;3
0,65;0,325804244;1;353,77;MIBUS;4;F;C;4
0,39;0,405201917;1;353,7999997;PANVN;4;F;C;4
1,38;0,594113621;1;200,0036352;SEDAN;3;M;C;3
3,36;0,802190281;1;3852,559998;STNWG;2;F;A;3
1,399;0,618754278;1;200;HBACK;1;M;B;3
1,27;0,802190281;1;480;SEDAN;4;F;E;4
1,19;0,703627652;1;5082,779999;SEDAN;3;F;C;2
1,58;0,878850103;1;353,77;SEDAN;3;M;C;2
1,46;0,824093087;1;6814,859985;SEDAN;3;M;B;4
3,56;0,876112252;1;8624,629974;UTE;1;F;A;4
0,41;0,876112252;1;200;SEDAN;4;F;D;1
3,64;0,536618754;1;200;STNWG;1;F;D;4
1,35;0,065708419;1;9552,639954;HBACK;2;F;B;2
0,63;0,818617385;1;8971,779999;PANVN;4;M;B;3
0,71;0,358658453;1;8887,849976;SEDAN;4;F;C;3
0,61;0,021902806;1;5828,62999;SEDAN;4;F;A;5
0,48;0,887063655;1;200;HBACK;4;M;B;5
2;0,892539357;1;329,6999998;HBACK;1;F;B;6
2,43;0,889801506;1;2988,159996;SEDAN;1;M;A;6
3,749;0,65982204;1;353,77;STNWG;1;M;D;5
1,75;0,887063655;1;200;SEDAN;2;F;B;5
3,399;0,889801506;1;353,77;STNWG;1;M;B;5
4,11;0,999315537;1;870,1899986;STNWG;2;F;C;2
5,27;0,481861739;1;665,0699997;STNWG;2;M;B;3
1,93;0,892539357;1;200;SEDAN;2;M;C;2
2,82;0,887063655;1;713,6399994;STNWG;1;M;C;3
1,9;0,484599589;1;6017,649994;UTE;2;M;D;2
0,77;0,73100616;1;6264,449982;HBACK;3;F;C;3
1,83;0,889801506;1;621,9699993;SEDAN;2;F;D;3
2,14;0,528405202;2;778,04;STNWG;2;M;C;2
1,93;0,651608487;2;553,77;SEDAN;2;M;A;4
0,43;0,525667351;1;200;HBACK;4;M;A;4
2,2;0,892539357;1;353,77;STNWG;3;F;D;4
0,51;0,818617385;1;2626,599999;HBACK;4;F;C;1
2,2;0,613278576;1;610;HDTOP;3;M;C;4
1,57;0,889801506;1;200;HBACK;2;M;A;6
2,55;0,818617385;1;357,0599999;SEDAN;1;M;D;6
0,59;0,892539357;2;5820,539993;SEDAN;4;M;A;2
1,37;0,887063655;1;736,9399986;HBACK;3;M;A;4
3,55;0,31211499;1;370;STNWG;3;M;C;3
1,59;0,194387406;1;755,8599968;SEDAN;1;F;A;3
0,41;0,314852841;1;1391,939999;HBACK;4;M;C;5
1,65;0,194387406;1;1581,579998;SEDAN;3;F;A;4
1,19;0,377823409;1;1551,549999;HBACK;4;M;C;4
2,73;0,79945243;1;389,77;STNWG;3;F;B;4
3,4;0,687200548;1;1580,279999;UTE;1;M;E;3
0,58;0,216290212;1;2063,639999;SEDAN;4;M;B;2
1,36;0,687200548;1;4853,5;HBACK;3;F;C;1
1,39;0,818617385;1;729,0899983;HBACK;1;F;D;2
0,43;0,10403833;1;200;SEDAN;4;M;C;4
1,1;0,840520192;1;2295,439995;SEDAN;3;F;C;4
1,51;0,687200548;1;5161,559998;STNWG;4;F;C;1
0,44;0,815879535;1;2460,259995;HBACK;4;F;C;3
2,35;0,785763176;1;601,7699995;STNWG;3;F;C;3
3,3;0,687200548;1;200,0000003;UTE;2;M;E;3
0,73;0,665297741;1;1753,279999;HBACK;3;F;D;3
1,36;0,216290212;1;970,6799984;SEDAN;3;F;E;2
0,76;0,87063655;1;389,9499998;PANVN;4;F;D;4
1,9;0,194387406;1;13753,14999;STNWG;4;M;C;6
3,49;0,687200548;1;1404,339996;STNWG;2;F;C;4
1,06;0,484599589;1;1029,75;HBACK;4;F;C;1
3,38;0,517453799;1;518,7799997;STNWG;2;F;F;2
2,92;0,87063655;1;1854,609997;STNWG;1;F;A;2
1,85;0,48733744;1;771,5;HBACK;1;M;C;2
2,01;0,114989733;1;349,25;STNWG;3;F;A;5
4,27;0,884325804;1;917,0499992;STNWG;2;F;B;4
3,59;0,884325804;1;544,5;STNWG;2;M;C;4
1,77;0,884325804;1;2808,829994;HDTOP;3;M;C;6
0,65;0,188911704;1;4781,250885;COUPE;4;F;C;3
2,099;0,999315537;1;1013,33;SEDAN;1;F;C;3
0,76;0,306639288;1;2714,073631;SEDAN;4;F;A;2
3,64;0,991101985;1;353,77;STNWG;2;M;B;4
1,55;0,804928131;1;345;SEDAN;4;M;B;3
1,86;0,815879535;1;2777,089996;HBACK;3;M;B;4
0;0,999315537;2;1394,329999;STNWG;4;F;B;2
1,9;0,813141684;1;752,8399983;SEDAN;1;F;B;5
0,35;0,815879535;1;200;HBACK;4;F;A;5
2,59;0,991101985;1;353,77;SEDAN;1;F;D;2
0,76;0,577686516;1;6692,889999;HBACK;3;F;A;1
3,1;0,815879535;1;408,9499998;UTE;2;F;F;2
2,12;0,525667351;1;378,8499999;SEDAN;2;F;C;4
0,87;0,788501027;1;353,77;HBACK;3;F;B;2
0,54;0,484599589;1;4003;SEDAN;4;F;B;2
1,16;0,999315537;1;345;STNWG;4;M;A;2
1,75;0,473648186;1;353,77;TRUCK;1;M;B;5
1,97;0,873374401;1;389,9499998;SEDAN;2;F;F;5
4,9;0,125941136;1;278,2200041;SEDAN;1;F;A;5
1,4;0,125941136;1;1100,16;HBACK;1;F;A;4
4;0,999315537;1;390;STNWG;3;F;F;4
1,428;0,815879535;1;481,9699993;HBACK;1;F;A;3
1,8;0,514715948;1;1549,939999;STNWG;3;M;C;2
1,22;0,684462697;1;475,6599999;HBACK;2;F;C;2
2,41;0,005475702;1;16306,81998;TRUCK;3;M;D;3
1,06;0,125941136;1;270,269989;STNWG;3;F;B;4
2,5;0,76386037;1;200;STNWG;2;F;A;4
0,43;0,8678987;1;200;HBACK;4;F;D;2
1,41;0,117727584;1;1684,619999;HBACK;2;M;D;3
2,25;0,205338809;1;2958,729996;SEDAN;1;F;C;6
1,47;0,525667351;1;2031,079998;SEDAN;3;F;A;1
1,05;0,881587954;1;200;HBACK;2;F;C;4
2,71;0,501026694;1;2262,379997;STNWG;2;M;D;3
0,77;0,052019165;1;322,3299999;HBACK;4;F;A;2
1,64;0,484599589;1;3143,649994;SEDAN;2;F;E;3
0,44;0,109514032;1;3679,089996;SEDAN;4;F;A;2
1,5;0,514715948;1;1691,349999;HBACK;4;M;A;3
2,06;0,366872006;1;16310,83997;STNWG;4;M;B;6
1,61;0,813141684;1;703,0199995;HBACK;3;M;C;6
1,65;0,616016427;1;407,7999997;SEDAN;3;F;B;4
3,549;0,465434634;1;550;STNWG;1;F;F;3
1,9;0,484599589;1;1332,839996;SEDAN;1;M;D;4
1,89;0,807665982;1;243,5500002;SEDAN;2;F;C;4
2,94;0,8678987;1;947,5499992;HBACK;2;F;C;5
2,25;0,8678987;1;3957,779999;STNWG;3;M;B;2
1,48;0,807665982;1;459,5;COUPE;3;M;B;4
1,39;0,613278576;1;289,0899999;HBACK;1;F;A;4
1,85;0,186173854;1;3948,029991;STNWG;3;F;C;4
2,3;0,988364134;1;200;HDTOP;2;M;A;4
2,03;0,481861739;1;835,7699986;UTE;3;F;E;3
1,06;0,424366872;1;613,0499992;HBACK;4;F;A;1
4,78;0,988364134;1;565,9299994;STNWG;1;M;A;3
1,85;0,59137577;1;1061,449999;SEDAN;2;M;D;5
2,61;0,59137577;1;200;STNWG;3;M;C;5
1,1;0,457221081;1;420;SEDAN;3;F;F;1
1,14;0,59137577;1;3931,509995;SEDAN;3;F;C;6
6,38;0,750171116;1;390;STNWG;1;F;D;5
1,61;0,407939767;1;408,9499998;SEDAN;3;M;E;5
1,07;0,59137577;1;265,6900005;SEDAN;4;M;D;3
1,27;0,774811773;1;408,9499998;TRUCK;4;F;E;2
1,2;0,813141684;1;367,0299997;SEDAN;3;F;B;2
1,3;0,807665982;1;345;HBACK;2;F;A;5
0,5;0,698151951;1;3607,779991;HBACK;4;F;E;4
0,72;0,5229295;2;4387,484539;HBACK;3;F;B;3
1,28;0,865160849;1;1244,189999;TRUCK;3;M;C;2
1,29;0,728268309;1;367,7299995;SEDAN;3;F;C;4
1,42;0,865160849;1;652,4899998;HBACK;1;M;C;6
0,52;0,06844627;1;1592,259998;SEDAN;4;F;B;4
0,7;0,5229295;1;7031,169998;HBACK;4;M;B;3
2,84;0,5229295;2;4419,749993;STNWG;3;F;F;2
0,73;0,788501027;1;591;HBACK;4;F;C;2
2,84;0,5229295;1;427,27;STNWG;3;M;C;3
4;0,202600958;1;442,5;STNWG;3;F;B;5
1,37;0,865160849;1;200;HBACK;3;F;A;2
0,74;0,574948665;1;200;HBACK;4;F;C;2
1,74;0,862422998;2;1092,909999;SEDAN;2;F;A;4
0,77;0,602327173;1;1836,919998;HBACK;4;F;A;5
1,38;0,865160849;1;200;SEDAN;2;F;C;1
2,81;0,481861739;1;353,77;SEDAN;1;M;D;5
1,61;0,588637919;1;200;SEDAN;2;M;B;6
1,97;0,588637919;1;575,9499998;SEDAN;3;F;A;6
1,56;0,410677618;1;480;STNWG;4;F;D;6
2,99;0,588637919;1;200;HDTOP;1;F;A;3
0,58;0,410677618;1;390;TRUCK;4;M;E;6
1,6;0,20807666;1;1404,75;HBACK;2;F;A;2
1,37;0,588637919;1;200;HBACK;2;F;A;3
2,91;0,588637919;1;889,8499985;STNWG;1;F;B;4
0,46;0,572210815;1;2073,709999;SEDAN;4;F;C;3
1,94;0,862422998;1;200;SEDAN;2;F;A;1
1,38;0,479123888;1;586,8299999;UTE;2;M;C;3
3,2;0,479123888;1;2067,32;UTE;2;M;D;1
1,52;0,980150582;1;922,0699997;UTE;4;M;C;4
2,56;0,810403833;2;11653,23;HDTOP;1;F;A;1
0,31;0,046543463;1;1111,344544;SEDAN;4;F;A;3
0,96;0,73100616;2;8766,589981;SEDAN;4;M;D;3
1,5;0,791238878;1;998,4699993;HDTOP;3;F;B;1
3,02;0,52019165;1;3096,799995;STNWG;2;F;A;4
1,36;0,032854209;1;567,6799984;HBACK;2;M;B;6
1,37;0,791238878;1;210,3500023;HBACK;1;F;C;3
2,07;0,807665982;1;7465,119995;STNWG;1;M;A;2
1,74;0,859685147;1;200;HBACK;2;F;B;5
0,81;0,183436003;1;993,8999996;HBACK;4;F;A;4
1,66;0,536618754;1;978,6699982;HBACK;3;M;A;2
1,42;0,862422998;2;3974,009996;TRUCK;2;M;C;2
0,89;0,980150582;1;200;HBACK;3;F;B;3
1,01;0,136892539;2;662,0799999;SEDAN;4;F;C;3
2,04;0,380561259;1;1027;STNWG;3;M;A;5
2,06;0,572210815;1;200;SEDAN;2;M;C;5
2,88;0,380561259;1;353,77;STNWG;1;M;B;5
1,45;0,618754278;1;1031,839998;SEDAN;3;M;B;5
1,52;0,862422998;1;200;SEDAN;3;M;B;2
2,4;0,366872006;1;20745,86993;TRUCK;2;M;E;1
1,28;0,380561259;1;453,9799995;HBACK;2;F;A;4
1;0,618754278;1;225,4;HBACK;3;F;C;1
0,53;0,380561259;1;4619,153626;SEDAN;4;F;A;2
1,06;0,265571526;1;1793,189999;HBACK;3;M;A;1
0,79;0,5229295;2;3491,529995;HBACK;4;F;C;3
1,65;0,473648186;1;2634,919998;SEDAN;2;F;D;3
1,53;0,473648186;1;7641,209992;PANVN;2;F;A;5
1,53;0,268309377;1;3027,669998;STNWG;4;M;F;2
3,44;0,793976728;1;389,9499998;UTE;1;F;F;1
0,53;0,473648186;1;1938,779999;HBACK;4;F;C;4
1,31;0,377823409;1;369,1799998;STNWG;4;M;D;1
1,98;0,268309377;1;600,6899996;SEDAN;2;M;C;4
3,73;0,807665982;1;2460,089996;STNWG;2;M;A;2
0,83;0,807665982;1;200;SEDAN;3;F;B;1
1,37;0,999315537;1;200;HBACK;2;M;A;6
1,13;0,473648186;1;781,5999985;SEDAN;3;F;C;4
1,03;0,429842574;1;390;HBACK;3;F;E;1
2,29;0,804928131;1;1901,169991;HBACK;1;M;C;1
1,36;0,670773443;1;200,0099945;HBACK;3;F;F;3
1,81;0,898015058;1;736,9499989;SEDAN;2;F;A;2
1,38;0,807665982;2;7657,569977;UTE;3;M;F;5
2,52;0,473648186;1;4955,999985;STNWG;3;F;D;1
1,58;0,396988364;1;11379,31998;UTE;3;M;B;5
0,78;0,251882272;1;4140,009995;HBACK;3;M;A;2
1,52;0,807665982;1;1864,57;STNWG;4;F;F;2
2,35;0,898015058;1;200;UTE;2;M;A;1
1,31;0,807665982;1;519,5499992;STNWG;4;M;E;4
2,44;0,859685147;1;696,3199997;SEDAN;1;F;C;4
1,42;0,481861739;1;541,1899996;HBACK;2;M;C;2
0,97;0,859685147;1;200;HDTOP;4;F;B;4
1,79;0,898015058;2;830,9299998;SEDAN;2;F;A;4
1,35;0,569472964;1;200;SEDAN;3;M;C;4
1,799;0,054757016;1;2953,259956;SEDAN;1;M;A;2
3,35;0,180698152;1;200;STNWG;1;M;B;3
2,78;0,323066393;1;367,7299995;STNWG;2;F;A;2
1,17;0,774811773;1;9024,949982;SEDAN;3;M;A;3
0,89;0,492813142;1;2207,659996;HBACK;3;F;E;4
0,87;0,793976728;1;4779,789993;HBACK;4;M;B;2
4;0,999315537;1;353,77;STNWG;3;M;B;3
1,03;0,145106092;1;390;SEDAN;3;F;D;3
1,49;0,517453799;1;613,4899998;SEDAN;2;M;B;5
1,3;0,449007529;1;322,7799988;HBACK;1;M;A;3
1,37;0,999315537;1;1116,749998;SEDAN;3;F;C;4
1,31;0,878850103;1;470,25;HBACK;2;F;C;5
1,57;0,577686516;1;496,29;HBACK;1;F;C;6
1,66;0,804928131;1;200;HBACK;3;M;C;1
0,78;0,429842574;1;377,8899994;STNWG;4;M;C;5
1,5;0,662559891;1;200;HBACK;1;M;E;1
2,99;0,859685147;1;1697,629997;TRUCK;1;F;D;2
1,15;0,802190281;2;710,2399998;HBACK;3;F;C;4
2,44;0,470910335;1;353,77;STNWG;2;M;F;2
3,78;0,859685147;1;390;STNWG;1;F;D;5
1,74;0,859685147;1;353,77;HBACK;2;F;C;5
1,87;0,796714579;1;2722,839996;STNWG;3;M;A;3
0,5;0,470910335;1;408,9499998;STNWG;4;M;E;6
2,35;0,386036961;1;3082,979996;HBACK;2;F;C;3
1,55;0,999315537;1;514,8399992;UTE;3;M;C;3
1,77;0,821355236;1;2996;STNWG;4;F;F;2
1,64;0,470910335;1;3411,189995;STNWG;4;F;C;2
2,7;0,514715948;1;20928,67993;HDTOP;3;M;E;5
3,66;0,774811773;1;669,3699999;STNWG;1;F;B;4
1,95;0,876112252;1;2968,489998;STNWG;4;F;D;3
1,87;0,123203285;1;450;HBACK;3;F;E;1
2,89;0,876112252;1;200;STNWG;2;M;B;3
1,4;0,876112252;1;642,4499998;SEDAN;3;F;C;5
2,27;0,881587954;1;725;STNWG;3;F;C;4
2,33;0,432580424;1;249,14;SEDAN;2;M;B;3
0,97;0,873374401;1;3563,909996;HBACK;3;F;B;6
1,54;0,878850103;1;200;TRUCK;4;M;C;2
1,64;0,421629021;1;585,25;HBACK;2;F;B;4
1,46;0,881587954;1;2651,57;UTE;3;M;D;5
1,7;0,878850103;1;390;SEDAN;3;F;E;4
1,6;0,45174538;1;997,2200184;SEDAN;3;F;C;4
1,66;0,876112252;2;2377,619999;HDTOP;3;F;A;1
1,82;0,216290212;1;11616,75998;SEDAN;2;M;C;4
4,09;0,79945243;1;2114;UTE;1;M;F;5
1,24;0,34770705;1;710,3499994;HBACK;1;F;D;3
2,26;0,79945243;1;526,9399996;HBACK;1;M;A;4
3,32;0,158795346;1;353,77;STNWG;2;F;C;3
1,95;0,17522245;1;886,0199986;STNWG;1;M;C;3
2,42;0,605065024;1;441,9199996;SEDAN;1;F;A;5
2,58;0,465434634;1;2097,019997;SEDAN;1;F;C;3
1,76;0,580424367;1;764,7699986;SEDAN;2;M;C;6
2,83;0,509240246;1;200;UTE;2;M;B;4
3,2;0,41889117;1;1384,179997;SEDAN;2;M;B;4
1,94;0,303901437;1;804,1800079;HBACK;1;F;B;3
4,5;0,41615332;1;308,4500008;STNWG;2;M;A;4
2,35;0,580424367;1;919,789999;STNWG;3;M;D;6
1,96;0,585900068;1;786,1499996;SEDAN;1;M;E;4
6,22;0,583162218;1;542;STNWG;1;F;A;4
1,02;0,585900068;1;1343,48;HBACK;2;M;A;4
0,96;0,583162218;1;3083,430901;HBACK;3;F;A;5
1,07;0,769336071;1;642,6199999;SEDAN;4;F;C;3
1,6;0,262833676;1;9054,759979;HBACK;2;F;E;2
1;0,536618754;1;353,77;SEDAN;3;F;C;3
2,15;0,884325804;1;200;SEDAN;1;F;C;3
1,34;0,262833676;1;200;HBACK;2;F;C;1
2,32;0,262833676;1;390;STNWG;3;M;D;2
1,69;0,388774812;1;352,02;HBACK;2;F;A;3
1,65;0,465434634;1;359,1799998;STNWG;3;M;C;3
1,89;0,796714579;1;353,77;HBACK;1;F;A;6
0,65;0,490075291;1;972,2399979;TRUCK;4;M;C;2
1,15;0,796714579;1;200;SEDAN;3;F;C;5
2,96;0,509240246;1;689,0199995;HDTOP;1;F;C;3
1,23;0,284736482;1;200;STNWG;3;F;A;5
1,26;0,142368241;1;1728,23;HBACK;2;F;C;2
0,45;0,476386037;1;200;HBACK;4;F;A;4
0,9;0,377823409;1;359,7399998;SEDAN;3;F;C;6
1,56;0,621492129;1;200;SEDAN;3;M;B;3
4,11;0,621492129;1;228,3;STNWG;2;M;F;2
1,79;0,465434634;1;200;SEDAN;4;F;B;2
1,47;0,796714579;1;200;HBACK;1;F;C;1
2,2;0,796714579;1;353,7999997;MCARA;4;M;A;1
2,91;0,796714579;1;889,7399998;STNWG;1;F;C;4
1,73;0,791238878;1;2345,579994;MIBUS;4;M;B;3
1,33;0,668035592;3;3097,859996;TRUCK;2;M;C;2
2,07;0,421629021;1;367,7299995;STNWG;3;M;C;1
2,05;0,585900068;1;862,3199997;SEDAN;2;F;E;6
1,56;0,421629021;1;353,7999997;STNWG;4;M;D;5
1,87;0,558521561;1;1164,629999;STNWG;3;F;A;3
3,34;0,577686516;1;670;STNWG;3;F;C;3
0,83;0,577686516;1;3222,409996;SEDAN;4;F;B;4
1,38;0,421629021;1;369,1499996;SEDAN;3;F;C;4
3,06;0,796714579;1;2161,189999;STNWG;3;M;C;5
1,64;0,793976728;1;3941,909996;SEDAN;3;M;F;3
4,06;0,851471595;1;2794,309998;STNWG;3;M;F;5
2,72;0,112251882;1;389,9499998;STNWG;3;M;E;3
2,34;0,829568789;1;200;SEDAN;2;F;B;2
0,76;0,824093087;1;1871,849999;STNWG;4;F;D;2
1,64;0,394250513;1;200;SEDAN;2;F;A;3
2,51;0,887063655;1;473,8999996;STNWG;3;M;D;2
0,9;0,506502396;1;499,3499985;HBACK;3;F;A;5
0,85;0,851471595;1;756,2799988;HBACK;3;F;B;1
1,24;0,851471595;2;8195,809986;SEDAN;3;F;A;1
1,54;0,465434634;1;200;SEDAN;2;M;A;1
2,53;0,539356605;1;903,0699997;SEDAN;1;F;C;3
0,65;0,147843943;1;369,1499996;STNWG;4;M;B;1
1,71;0,438056126;1;497,5299997;SEDAN;2;F;C;2
1,28;0,27652293;1;200;HBACK;2;M;A;5
1,45;0,492813142;1;654,9399986;STNWG;4;M;B;4
2,42;0,501026694;1;389,9499998;UTE;3;M;B;2
0,44;0,826830938;1;15588,92999;HBACK;4;F;A;2
6,14;0,739219713;1;227,22;SEDAN;2;M;C;3
4,04;0,851471595;1;1114,119999;STNWG;2;M;B;4
2,74;0,977412731;1;1370,599999;STNWG;2;F;D;2
1,73;0,536618754;1;371,6699982;SEDAN;2;F;E;2
0,71;0,1724846;1;1283,529999;HBACK;3;F;C;4
1,73;0,887063655;1;292,3400002;HBACK;2;F;C;5
1,97;0,613278576;1;632,4299984;SEDAN;2;F;B;3
1,43;0,826830938;1;353,77;HDTOP;3;F;A;1
1,94;0,375085558;1;200;SEDAN;2;F;C;5
2,03;0,369609856;1;353,7999997;UTE;4;F;D;2
2,54;0,446269678;1;5950,589996;STNWG;3;M;E;3
1,84;0,793976728;1;809,5699997;HBACK;2;M;C;3
2,79;0,848733744;1;2620,719994;BUS;3;F;F;2
0,5;0,1724846;1;200;HBACK;4;F;A;3
1,76;0,55578371;1;353,77;SEDAN;1;M;D;5
3,34;0,793976728;1;1927,929993;HBACK;2;F;E;4
3,3;0,506502396;1;2144,779999;STNWG;2;F;B;3
2,77;0,574948665;3;1231,26;SEDAN;2;M;B;4
1,38;0,281998631;1;634,5499992;HBACK;3;F;E;3
3,52;0,574948665;1;1188,439999;STNWG;2;F;D;2
2,71;0,260095825;1;886;STNWG;3;M;A;4
2,12;0,884325804;1;353,7999997;STNWG;3;M;B;6
1,56;0,826830938;1;353,77;SEDAN;1;F;A;4
1,51;0,884325804;1;270,8699999;MIBUS;4;F;B;4
1,52;0,777549624;1;1354,799999;SEDAN;2;F;C;4
2,99;0,621492129;1;353,77;STNWG;3;M;E;3
1,37;0,791238878;2;872,5899992;UTE;4;M;A;3
1,13;0,793976728;1;709,1499939;SEDAN;3;F;A;1
1,13;0,169746749;1;863,5599995;STNWG;4;F;D;3
1,19;0,793976728;1;2848,469994;STNWG;4;M;A;3
1,94;0,191649555;1;560,4799995;SEDAN;1;M;A;1
2,83;0,462696783;1;26507,29498;STNWG;2;F;C;2
1,26;0,999315537;1;4742,569992;HBACK;2;F;C;4
2,77;0,150581793;1;353,77;STNWG;1;F;E;2
0,86;0,848733744;1;3498,489998;SEDAN;4;F;C;2
1,23;0,55578371;1;200;HBACK;2;F;C;3
0,75;0,8678987;1;3596,019997;SEDAN;4;M;B;3
0,38;0,87063655;1;741,5;SEDAN;4;F;B;6
1,18;0,87063655;1;200;SEDAN;3;M;A;6
0,81;0,495550993;1;2798,009995;HBACK;3;F;B;3
1,97;0,8678987;1;1055,030005;STNWG;2;F;A;6
1,66;0,87063655;1;587,79;SEDAN;2;M;B;5
1,41;0,97467488;1;605,6199999;HBACK;2;F;A;6
1,57;0,873374401;1;1775,009998;SEDAN;2;M;B;6
1,37;0,55578371;1;246,9799995;HBACK;1;F;C;1
1,549;0,999315537;1;1710,399998;HBACK;1;F;B;4
2,18;0,873374401;2;763,9699996;UTE;3;M;D;3
1,24;0,884325804;1;210,85;HBACK;2;M;C;4
2,48;0,807665982;1;9073,209992;SEDAN;1;M;B;4
1,58;0,722792608;1;1349,739998;UTE;3;M;A;5
0,46;0,27926078;1;1432,129997;SEDAN;4;F;B;2
0,44;0,643394935;1;6245,449997;TRUCK;4;F;C;3
1,08;0,558521561;1;486,0499992;SEDAN;3;F;C;3
1,83;0,829568789;1;796,9599991;SEDAN;1;F;A;2
0,76;0,733744011;1;485;HBACK;3;F;F;3
3,28;0,446269678;1;389,9499998;STNWG;1;F;F;1
2,59;0,495550993;1;353,77;UTE;2;M;B;2
3,08;0,791238878;1;734,9399986;PANVN;1;M;F;1
3,33;0,744695414;1;200;COUPE;2;F;C;3
3,7;0,788501027;1;1454,719997;STNWG;1;F;A;2
3,75;0,791238878;1;353,7999997;HDTOP;2;M;A;1
2,21;0,845995893;1;1298,809998;UTE;1;F;C;4
1,31;0,845995893;1;1265,859997;HBACK;1;F;C;2
1,97;0,791238878;1;1193,789999;SEDAN;4;M;C;2
0,57;0,777549624;1;260,3799961;SEDAN;4;M;A;2
0,63;0,741957563;1;410,9099999;UTE;4;M;B;5
2,14;0,791238878;1;200;HBACK;1;F;C;3
1,47;0,553045859;1;2818,879997;HBACK;2;M;A;5
2,12;0,813141684;1;1200,249998;MCARA;4;M;A;1
2,198;0,454483231;1;200;HBACK;1;F;A;5
1,23;0,446269678;1;1392,619999;SEDAN;3;M;C;4
2,11;0,788501027;1;646;HBACK;1;F;E;2
2,41;0,862422998;1;799,8299999;SEDAN;1;M;B;6
1,64;0,501026694;1;1562,73;HBACK;2;F;C;3
0,44;0,862422998;1;926,5999985;SEDAN;4;M;A;4
0,93;0,865160849;1;1054,709999;SEDAN;3;F;C;4
0,85;0,865160849;1;200;HBACK;3;F;B;4
1,31;0,862422998;1;603,3299999;HBACK;2;M;C;5
1,85;0,147843943;1;200;HBACK;2;F;A;2
0,87;0,251882272;1;3430,859993;HBACK;3;F;C;2
1,2;0,865160849;1;454,75;SEDAN;3;F;C;5
4,47;0,845995893;1;390;STNWG;1;M;E;2
1,05;0,498288843;2;508,1800003;SEDAN;3;F;C;2
1,47;0,865160849;1;200;SEDAN;3;M;E;3
1,37;0,553045859;1;200;SEDAN;3;F;A;2
2,18;0,865160849;1;1271,009998;SEDAN;3;M;B;4
4,23;0,501026694;1;1760,769997;STNWG;2;F;C;2
1,71;0,971937029;1;1512;SEDAN;3;F;A;5
1,77;0,501026694;1;548,1099997;HBACK;1;M;C;2
4,62;0,881587954;1;2205;TRUCK;1;M;C;2
1,97;0,501026694;1;200;STNWG;4;M;C;3
2,79;0,933607118;1;1998;TRUCK;3;M;D;2
1,61;0,454483231;1;250;HBACK;1;F;B;4
1,5;0,788501027;1;408,9499998;HBACK;1;F;E;1
0,72;0,454483231;1;379,1499996;HBACK;3;F;A;3
2,93;0,446269678;1;389,9499998;STNWG;1;F;F;2
5,236;0,922655715;1;384,5;STNWG;1;M;A;4
2,39;0,788501027;1;219,9399999;STNWG;4;M;C;3
2,51;0,498288843;1;3718,629997;UTE;2;M;E;1
2,07;0,969199179;1;200,0199986;SEDAN;1;M;B;2
1,35;0,240930869;1;15157,04996;SEDAN;3;F;A;5
1,7;0,438056126;1;683;STNWG;2;F;A;3
5,27;0,843258042;1;389,9499998;STNWG;1;F;E;2
1,78;0,999315537;1;4547,649994;TRUCK;2;M;E;1
0,88;0,396988364;1;1255,099999;COUPE;4;M;B;3
1,1;0,843258042;1;1050,799999;SEDAN;3;M;D;4
0,95;0,8678987;1;3415,717262;SEDAN;4;M;C;4
1,35;0,788501027;1;2064,519997;STNWG;4;F;C;1
1,5;0,421629021;1;200;HBACK;1;M;C;3
1,65;0,449007529;1;2144,759998;SEDAN;2;F;B;1
4,1;0,109514032;1;1522,25;STNWG;2;M;E;4
2,29;0,889801506;1;3693,82;STNWG;3;F;E;2
2,02;0,194387406;1;4367,449997;HBACK;1;M;C;5
1,57;0,878850103;1;2582,809998;HBACK;2;F;D;5
5,24;0,071184121;1;1506,539997;COUPE;1;M;A;2
1,86;0,194387406;1;390;SEDAN;2;M;E;3
0,98;0,843258042;1;200;SEDAN;3;F;B;4
0,75;0,878850103;1;200;SEDAN;4;M;C;3
1,15;0,525667351;1;6009,449982;HBACK;3;F;B;2
1,39;0,876112252;1;477;HBACK;2;F;B;2
1,45;0,468172485;2;9511,089981;HBACK;3;F;A;2
1,06;0,878850103;1;967,039999;PANVN;3;F;A;4
0,76;0,785763176;1;200;HBACK;3;F;E;4
1,04;0,45174538;1;582,5199995;SEDAN;3;F;E;3
1,36;0,750171116;1;641,9499998;HBACK;2;F;C;6
1,1;0,005475702;1;200;HBACK;2;F;B;2
1,84;0,391512663;1;19348,52997;HBACK;1;M;E;6
0,99;0,876112252;1;2029,779999;SEDAN;3;F;D;3
0,8;0,191649555;1;728,6499996;HBACK;3;F;D;3
1,25;0,501026694;1;3337,589996;SEDAN;4;F;A;3
1,55;0,498288843;1;2588,899994;COUPE;3;F;A;2
1,81;0,783025325;2;7474,369934;SEDAN;2;M;C;2
3,54;0,106776181;1;1081,189999;STNWG;2;M;B;5
0,71;0,646132786;1;200,0199966;UTE;4;M;B;4
0,96;0,106776181;1;200;SEDAN;3;M;A;3
0,54;0,249144422;1;1028,74;HBACK;4;F;A;4
1,58;0,750171116;1;1174,279999;STNWG;3;M;C;2
1,65;0,161533196;1;200;HBACK;3;F;A;2
1,74;0,840520192;1;462,3000031;SEDAN;2;F;C;4
1,98;0,580424367;1;9163,279999;HBACK;2;F;C;6
2,49;0,876112252;1;3577,739998;STNWG;3;F;E;3
1,98;0,752908967;1;200;HBACK;2;F;C;1
1,6;0,093086927;1;13263,17999;SEDAN;4;F;A;6
1,26;0,999315537;1;1426;HBACK;2;F;C;6
1,97;0,632443532;1;442;STNWG;4;M;B;4
1,21;0,969199179;1;903,9099999;HBACK;2;M;A;6
0,3;0,369609856;1;200;SEDAN;4;F;C;5
0,61;0,449007529;1;587,6499996;PANVN;4;F;B;2
0,3;0,366872006;1;1872,809998;SEDAN;4;F;B;4
1,45;0,62696783;1;1354,489998;SEDAN;3;M;B;5
4,32;0,158795346;1;2031,549999;STNWG;2;M;D;1
3,26;0,429842574;1;353,77;UTE;2;M;D;5
1,81;0,840520192;1;1599,519997;SEDAN;2;F;C;6
2,66;0,569472964;1;390;STNWG;3;F;D;4
1,57;0,859685147;2;400;SEDAN;2;F;A;2
0,79;0,569472964;1;200;HBACK;3;F;A;3
1,47;0,369609856;1;430,5599999;HBACK;2;F;B;4
1,98;0,876112252;1;1731,169998;SEDAN;2;F;B;5
1,85;0,158795346;1;353,77;SEDAN;2;F;C;2
1,82;0,62422998;1;367,5;SEDAN;2;M;D;5
1,16;0,479123888;1;7205,909973;SEDAN;3;F;E;4
1,03;0,52019165;1;587,4099999;HBACK;2;F;C;2
4,5;0,780287474;1;1331,82;TRUCK;1;F;B;2
1,46;0,268309377;1;630,4799995;SEDAN;3;F;B;3
2,7;0,777549624;1;260;STNWG;2;F;A;2
1,05;0,780287474;1;633,3399992;SEDAN;3;M;B;4
0,78;0,366872006;2;6407,88998;HBACK;4;M;A;4
0,72;0,703627652;3;2677,663635;HBACK;4;M;A;1
1,56;0,999315537;1;1800,519997;SEDAN;1;M;B;2
1,47;0,542094456;2;8458,539986;HBACK;2;F;C;4
0,95;0,777549624;1;389,9499998;HBACK;3;F;F;1
4,69;0,542094456;1;753,7699986;STNWG;1;M;E;3
2,17;0,446269678;1;5853,73999;SEDAN;1;M;A;4
2,64;0,446269678;1;1075,009998;STNWG;3;M;E;4
2,11;0,490075291;1;7357,509995;SEDAN;2;M;C;1
1,23;0,41889117;1;345;HBACK;2;F;A;2
1,14;0,490075291;1;6423,569992;SEDAN;3;F;C;2
1,93;0,83504449;1;389,9499998;STNWG;4;M;F;4
4,84;0,251882272;1;1300,379997;STNWG;1;F;D;3
1,88;0,364134155;1;353,77;UTE;1;F;E;3
1,35;0,364134155;1;9921,129944;STNWG;4;M;C;2
4,66;0,364134155;1;200;STNWG;1;M;A;3
0,99;0,511978097;1;200;HBACK;3;F;D;3
1,06;0,303901437;1;1191,639999;SEDAN;3;M;A;2
2,1;0,859685147;1;200;STNWG;4;M;D;2
1,6835;0,999315537;1;712,9399986;HBACK;1;F;C;4
3,43;0,859685147;1;200;STNWG;3;M;C;4
1,87;0,13963039;1;200;HBACK;3;F;B;3
1,77;0,443531828;1;1545,949997;SEDAN;1;F;E;2
4,04;0,859685147;2;8235,629993;STNWG;2;M;A;1
0,53;0,585900068;1;200;HBACK;4;F;A;6
2,79;0,443531828;1;816,6799984;STNWG;3;F;C;2
2,66;0,8678987;1;3108,839996;STNWG;2;M;D;5
2,61;0,539356605;1;848,539999;SEDAN;1;M;A;4
1,28;0,999315537;1;2633,539993;STNWG;4;M;F;3
2,39;0,48733744;1;914;SEDAN;4;M;B;4
2,65;0,837782341;1;200;STNWG;3;F;A;3
1,79;0,48733744;1;200;SEDAN;2;M;C;2
0,99;0,832306639;1;731,8199997;SEDAN;3;F;A;5
2,099;0,325804244;1;1725,457226;SEDAN;1;M;B;4
0,5;0,361396304;1;200;SEDAN;4;F;B;4
1,61;0,361396304;1;200;HBACK;2;F;C;5
0,31;0,021902806;1;2717,349991;SEDAN;4;M;C;5
0,97;0,443531828;1;1170,589998;SEDAN;3;F;B;2
1,73;0,840520192;1;200;HBACK;2;F;A;3
0,48;0,8678987;1;728,1699982;HBACK;4;F;C;1
1,57;0,48733744;1;2117,929997;SEDAN;3;F;F;3
3,68;0,958247776;1;916,0899963;STNWG;1;F;A;2
1,4;0,443531828;1;531,1999998;UTE;3;M;E;4
1,61;0,459958932;1;11138,42999;SEDAN;3;F;C;4
1,33;0,821355236;1;2680,689995;SEDAN;3;F;E;1
3,34;0,443531828;1;353,7999997;MCARA;3;M;D;4
1,36;0,59137577;1;9053,889984;HBACK;2;F;C;6
1,4;0,856947296;1;1219,129999;SEDAN;3;F;B;5
0,38;0,856947296;1;390;SEDAN;4;M;A;6
1,749;0,999315537;1;704,5299988;HBACK;1;F;A;4
1,19;0,856947296;1;1778,799999;HBACK;2;M;A;4
3,23;0,856947296;1;1366,73;STNWG;3;M;E;3
2,35;0,999315537;1;298,3499999;SEDAN;2;M;C;3
2,33;0,605065024;1;4588,089996;STNWG;2;F;B;2
0,51;0,432580424;1;4282,539993;HBACK;4;F;B;1
1,23;0,295687885;1;18122,35999;HBACK;2;F;D;2
1,79;0,399726215;1;552,5299988;UTE;2;F;C;4
2,299;0,840520192;2;1157,85;SEDAN;1;F;F;4
2,105;0,440793977;1;7709,73999;UTE;1;M;B;1
3,35;0,837782341;2;1511,979999;STNWG;2;M;B;3
1,87;0,865160849;1;279,9899979;SEDAN;2;F;A;3
0,83;0,632443532;1;200;SEDAN;3;F;A;2
1,22;0,030116359;1;721,1499996;SEDAN;3;F;B;5
3,52;0,481861739;1;1852,779999;STNWG;2;M;A;4
1,96;0,865160849;1;2745;STNWG;3;F;A;1
1,68;0,533880904;1;3938,859993;STNWG;3;M;B;4
0,84;0,821355236;2;797,52;HBACK;3;F;B;3
4,64;0,498288843;1;353,77;STNWG;3;M;C;5
2,99;0,394250513;1;367,7299995;STNWG;3;M;D;2
1,549;0,999315537;1;2089,899998;HBACK;1;F;B;4
0,68;0,273785079;1;200;STNWG;4;F;A;4
1,12;0,106776181;1;200;HBACK;3;F;F;3
1,78;0,865160849;1;385,1381817;HBACK;2;F;C;6
2,28;0,761122519;1;331,8199997;HBACK;2;F;C;4
1,43;0,821355236;1;369,1499996;HBACK;2;F;B;1
1,24;0,862422998;1;399,54;SEDAN;3;F;D;4
3,38;0,125941136;1;369,1799998;HDTOP;2;M;C;1
2,29;0,34770705;1;755,3899994;SEDAN;1;F;D;4
0,47;0,481861739;1;200;SEDAN;4;M;A;1
1,33;0,605065024;1;797,1399994;SEDAN;3;F;C;5
1,28;0,481861739;1;1392,789997;HBACK;2;F;E;3
2,53;0,563997262;1;200;SEDAN;1;M;C;6
0,44;0,561259411;1;200;SEDAN;4;F;A;5
3,71;0,736481862;1;392,5499992;STNWG;3;F;C;3
1,07;0,073921971;1;451;STNWG;4;M;E;5
0,71;0,386036961;1;1975,899998;SEDAN;4;M;C;4
1,349;0,840520192;2;886,0999942;HBACK;1;M;C;5
1,39;0,563997262;1;1856,919998;COUPE;3;F;A;3
2,37;0,561259411;1;200;HDTOP;2;F;C;2
1,76;0,484599589;1;200;SEDAN;1;M;C;1
1,95;0,955509925;1;6675,579987;UTE;3;F;D;5
2,59;0,506502396;1;200;SEDAN;3;M;A;5
1,88;0,561259411;1;792,6299992;HBACK;1;M;B;4
1,71;0,030116359;1;14198,62997;HBACK;2;F;E;6
1,45;0,955509925;1;1506,759998;HBACK;3;M;A;4
1,96;0,602327173;1;338,6399999;STNWG;2;M;C;6
0,84;0,602327173;1;200;HBACK;3;F;C;3
1,26;0,41889117;1;602,0099993;STNWG;3;M;C;4
0,4;0,533880904;1;631,8199997;SEDAN;4;F;D;6
4,07;0,898015058;2;1513,089995;STNWG;2;M;C;3
1,6;0,594113621;1;1054;SEDAN;3;M;A;5
3,56;0,851471595;1;3608,079994;STNWG;3;M;F;4
1,77;0,898015058;1;3047,139999;STNWG;4;F;F;3
1,93;0,900752909;1;2733,849991;HDTOP;4;F;D;3
1,96;0,224503765;1;13504,30994;MIBUS;4;F;C;1
4,03;0,10403833;1;3180,973633;STNWG;2;M;C;5
0,44;0,895277207;1;467,2299995;HBACK;4;F;B;3
1,15;0,533880904;1;2090,949997;SEDAN;3;F;A;3
2,15;0,900752909;1;200;STNWG;2;F;C;2
1,42;0,481861739;1;274,55;HBACK;1;F;A;4
2,76;0,635181383;1;1623,119999;STNWG;1;F;C;3
0,54;0,999315537;1;970,5999985;HBACK;4;F;B;4
1,31;0,862422998;1;2512,639999;SEDAN;2;M;B;4
2,52;0,290212183;1;640,8999996;SEDAN;1;M;A;6
1,81;0,76659822;1;389,9499998;STNWG;4;M;E;2
5,03;0,843258042;1;480;STNWG;1;M;E;5
1,84;0,17522245;1;8078,049988;HBACK;2;F;C;1
4,23;0,481861739;1;389,9499998;STNWG;2;F;D;2
1,68;0,848733744;1;1863,689999;STNWG;3;M;A;3
1,37;0,826830938;1;2618,25;STNWG;4;M;A;3
0,87;0,421629021;1;2899,150002;HBACK;4;F;C;3
2,06;0,848733744;1;698,3999996;STNWG;4;F;C;2
3,97;0,558521561;1;2588,509995;STNWG;2;M;D;5
0,91;0,558521561;1;3792,449997;HBACK;3;M;A;4
1,15;0,558521561;1;200;SEDAN;3;M;C;3
1,45;0,999315537;1;345;TRUCK;4;M;B;2
1,71;0,517453799;1;369,1499996;SEDAN;4;F;C;4
1,05;0,295687885;1;419,8200073;HBACK;4;M;C;4
1,76;0,481861739;1;699,04;SEDAN;2;M;C;2
1,97;0,1724846;1;200;STNWG;4;M;A;2
1,87;0,481861739;1;1716,679997;SEDAN;1;F;C;2
0,65;0,260095825;1;558,1499996;SEDAN;4;F;A;3
1,28;0,5229295;1;369,1499996;HBACK;2;F;A;3
1,64;0,153319644;1;14696,90997;SEDAN;3;M;C;3
0,88;0,531143053;1;200;SEDAN;3;M;B;6
1,26;0,476386037;1;367,7299995;HBACK;2;M;C;2
5,49;0,596851472;1;1497,649998;SEDAN;3;F;B;5
0,95;0,854209446;1;5912,909988;SEDAN;4;F;A;6
1,06;0,150581793;1;200;HBACK;4;F;C;2
1,25;0,531143053;1;2684,899994;STNWG;4;F;E;2
0,95;0,848733744;1;986,1499996;SEDAN;4;M;A;6
5,02;0,854209446;1;2643,699997;STNWG;2;M;E;1
1,34;0,55578371;1;953,8499985;SEDAN;3;M;B;6
3,26;0,443531828;1;290,9099991;UTE;2;M;B;5
1,84;0,950034223;1;1219,719999;HBACK;1;F;C;5
1,16;0,55578371;1;1445,179997;SEDAN;3;F;B;5
2,38;0,687200548;1;484;SEDAN;2;F;E;5
2,67;0,851471595;1;200;STNWG;2;F;A;4
0,54;0,057494867;1;2207,329998;SEDAN;4;F;C;4
1,26;0,999315537;1;200;HBACK;2;F;C;5
0,73;0,082135524;1;3489,539978;SEDAN;4;F;C;4
0,7;0,640657084;1;1940,539997;UTE;4;M;B;1
1,51;0,150581793;1;587,1599999;MIBUS;4;F;B;2
1,21;0,848733744;1;849,0899983;UTE;4;F;D;5
0,5;0,854209446;1;1247,149998;HBACK;4;F;B;2
0,81;0,605065024;1;2583,579994;HBACK;3;M;D;4
2,51;0,845995893;1;353,7999997;STNWG;3;M;B;3
1,58;0,854209446;1;200;HBACK;3;F;C;5
2,2;0,854209446;4;6521,549995;STNWG;3;F;B;3
0,37;0,528405202;2;1492,099999;SEDAN;4;M;A;4
4,66;0,358658453;1;691,7999992;STNWG;1;F;E;5
4,27;0,851471595;1;849,2999992;STNWG;2;M;B;5
1;0,224503765;1;5415,37999;HBACK;3;F;C;3
2,02;0,859685147;1;3723,63636;HDTOP;3;M;F;3
1,15;0,229979466;1;20657,12994;STNWG;4;M;E;2
4,49;0,375085558;1;558,8999996;STNWG;1;M;C;5
0,92;0,744695414;1;353,77;HBACK;3;F;A;4
0,92;0,594113621;1;1013,839996;HBACK;3;F;A;4
