"valorv";"expos";"nsinistros";"csinistros";"tipov";"idadev";"sexoc";"areac";"idadec"
1,66;0,4845995893;1;669,50999928;"SEDAN";3;"M";"B";6
1,51;0,9938398357;1;806,6099987;"SEDAN";3;"F";"F";4
0,76;0,5393566051;1;401,80545139;"HBACK";3;"M";"C";4
1,89;0,6543463381;2;1811,7099972;"STNWG";3;"M";"F";2
4,06;0,8514715948;1;5434,4399872;"STNWG";2;"M";"F";3
1,39;0,3175906913;1;865,78999901;"HBACK";3;"F";"A";4
2,66;0,3175906913;1;1105,7699986;"STNWG";1;"F";"F";5
0,5;0,0711841205;1;200;"HBACK";4;"F";"A";5
1,16;0,5968514716;2;739,22999954;"STNWG";4;"F";"B";2
3,56;0,9062286105;1;3230,5999985;"MCARA";3;"M";"F";4
2,15;0,6543463381;1;200;"SEDAN";3;"F";"A";5
3,03;0,9034907598;1;200;"TRUCK";1;"M";"C";1
2,41;0,3394934976;1;407,83999968;"STNWG";3;"M";"E";1
1,72;0,6160164271;1;1619,829998;"STNWG";2;"F";"A";6
1,92;0,6160164271;1;1010,9199982;"STNWG";4;"M";"A";5
2,649;0,257357974;1;9424,3499756;"TRUCK";1;"M";"A";1
1,86;0,6160164271;1;238,64000034;"SEDAN";2;"F";"C";3
1,54;0,6160164271;1;200;"STNWG";2;"F";"B";3
1,88;0,7501711157;1;369,17999983;"PANVN";3;"M";"D";3
0,89;0,6844626968;1;353,76999998;"SEDAN";3;"F";"D";3
4,46;0,1916495551;1;989,91999817;"COUPE";2;"M";"B";2
4,32;0,6461327858;1;736,84999847;"STNWG";2;"M";"A";5
5,59;0,8514715948;1;369,14999962;"STNWG";1;"M";"C";3
1,44;0,6652977413;1;500;"UTE";4;"M";"F";2
2,81;0,8514715948;1;353,76999998;"STNWG";1;"M";"C";3
3;0,6132785763;1;6372,0299988;"STNWG";3;"F";"C";2
2,29;0,3531827515;1;500;"STNWG";4;"F";"F";4
0,39;0,925393566;1;1379,0399971;"SEDAN";4;"F";"C";6
1,29;0,925393566;1;200;"SEDAN";3;"M";"D";3
1,13;0,3778234086;1;937,55999565;"SEDAN";4;"F";"B";1
0;0,9993155373;2;2724,3399963;"STNWG";4;"M";"A";3
2,41;0,7501711157;1;12879,659973;"HBACK";1;"F";"B";3
3,47;0,2464065708;1;937,27999878;"SEDAN";1;"M";"B";3
3,14;0,8514715948;2;19142,132675;"TRUCK";3;"M";"C";1
1,98;0,9117043121;1;2659,3699951;"STNWG";4;"M";"C";6
3,3;0,9062286105;1;2349,3499985;"STNWG";2;"M";"A";5
0,62;0,9089664613;1;367,72999954;"STNWG";4;"M";"C";6
2,64;0,5256673511;1;462,69999886;"UTE";2;"F";"C";1
7,199;0,9993155373;1;782,3599987;"STNWG";1;"F";"C";1
1,65;0,0876112252;1;353,76999998;"STNWG";4;"M";"C";5
0,51;0,9117043121;1;2494,5999985;"HBACK";4;"F";"B";6
1,749;0,4134154689;1;13589,789948;"HBACK";1;"F";"A";2
2,39;0,9089664613;1;2981,8099976;"HDTOP";2;"M";"C";4
3,59;0,8843258042;1;231,96000004;"SEDAN";4;"F";"A";4
1,11;0,9062286105;1;200;"HBACK";3;"F";"A";6
1,14;0,9117043121;2;1043,6999989;"SEDAN";3;"F";"C";4
1,64;0,9089664613;1;1114,1899986;"HBACK";2;"F";"C";4
2,35;0,9034907598;1;200;"SEDAN";2;"M";"C";2
1,29;0,9089664613;1;1753,8899994;"SEDAN";3;"F";"E";6
1,65;0,6954140999;1;11469,089996;"STNWG";4;"M";"F";1
1,99;0,9034907598;1;200,00001109;"STNWG";2;"M";"B";3
1,04;0,7173169062;1;200;"HBACK";2;"F";"C";4
1,63;0,6406570842;2;1255,5399971;"SEDAN";2;"F";"A";3
3,76;0,848733744;1;623,44999981;"UTE";1;"F";"C";2
1,82;0,7665982204;1;361,98999977;"HBACK";2;"F";"B";3
0,89;0,7529089665;1;931,32999992;"HBACK";3;"F";"B";4
0,54;0,848733744;1;389,94999981;"HBACK";4;"F";"D";3
6,359;0,7775496235;1;200;"STNWG";1;"M";"C";4
1,26;0,6954140999;1;498,34999943;"STNWG";3;"F";"B";2
1,1;0,6872005476;2;400;"SEDAN";4;"F";"B";2
0,71;0,3559206023;1;353,76999998;"HBACK";4;"F";"D";1
2,27;0,1451060917;1;200;"SEDAN";1;"F";"C";2
1,1;0,3422313484;1;3070,8699951;"SEDAN";3;"F";"B";4
1,24;0,4024640657;1;200;"HBACK";3;"M";"A";5
1,13;0,8542094456;1;389,94999981;"SEDAN";3;"F";"E";2
0,46;0,9034907598;1;265;"SEDAN";4;"M";"B";3
1,3;0,9034907598;1;620,20999908;"SEDAN";3;"F";"A";6
1,47;0,5229295003;1;461,24999809;"SEDAN";2;"F";"D";6
1,51;0,9034907598;1;3682,3299942;"STNWG";4;"F";"E";3
1,42;0,9226557153;1;6110,9799957;"SEDAN";3;"F";"C";4
1,53;0,5092402464;1;2458,3299942;"PANVN";2;"F";"C";3
1,66;0,2217659138;1;353,79999971;"UTE";4;"M";"C";2
1,43;0,2135523614;1;391,30999994;"SEDAN";2;"F";"A";1
1,81;0,9171800137;1;782,40999985;"SEDAN";2;"F";"B";3
1,26;0,900752909;1;5188,3199921;"HBACK";2;"M";"C";6
3,4;0,0109514031;1;20890,579956;"STNWG";2;"M";"F";1
1,78;0,9226557153;1;200;"HBACK";2;"F";"B";5
2,9;0,8459958932;1;270,73999977;"SEDAN";1;"F";"C";5
4,27;0,900752909;1;200;"STNWG";2;"F";"C";5
3,35;0,3312799452;1;389,94999981;"TRUCK";2;"F";"F";2
3,3;0,7939767283;1;785,03999901;"SEDAN";1;"F";"D";4
0,44;0,6160164271;1;1438,2699966;"HBACK";4;"M";"D";3
3,33;0,6598220397;1;1180,1099987;"STNWG";3;"F";"B";3
1,19;0,7446954141;1;1134;"SEDAN";3;"F";"A";2
1,37;0,900752909;1;200;"HBACK";1;"M";"A";2
2,06;0,2436687201;1;2087,7799988;"STNWG";3;"M";"E";2
1,54;0,8459958932;2;400,00999451;"HBACK";2;"F";"C";1
0,73;0,3312799452;1;200;"HBACK";3;"F";"C";4
1,49;0,514715948;1;1630,5499992;"HBACK";1;"F";"A";5
4,73;0,5256673511;2;1642,6799965;"STNWG";1;"M";"E";2
1,36;0,900752909;1;696,20999908;"SEDAN";3;"F";"A";6
3,549;0,9117043121;1;542,64999962;"STNWG";1;"M";"B";6
2,63;0,900752909;1;3361,7299957;"SEDAN";1;"M";"D";5
1,11;0,900752909;1;507,8399992;"HBACK";3;"F";"D";4
2,22;0,900752909;1;367,72999954;"SEDAN";1;"F";"C";4
0,99;0,900752909;1;820,78999901;"SEDAN";4;"M";"A";5
2,2;0,7994524298;1;1244,1599998;"HBACK";1;"F";"B";6
3,17;0,900752909;1;512;"TRUCK";3;"M";"E";5
1,49;0,900752909;1;353,79999971;"UTE";4;"M";"C";1
1,67;0,7556468172;1;200;"HBACK";3;"F";"C";2
3,94;0,5831622177;1;480;"STNWG";2;"F";"D";4
3,3;0,7967145791;1;1864,0899963;"UTE";2;"M";"E";1
1,29;0,6954140999;1;635,09999943;"SEDAN";3;"M";"C";3
2,12;0,8459958932;1;3682,25;"STNWG";3;"F";"E";3
0,81;0,7446954141;1;367,72999954;"HBACK";3;"M";"C";3
2,76;0,6954140999;1;4460,769989;"STNWG";2;"F";"B";3
2,74;0,1451060917;1;24718,179993;"STNWG";3;"M";"C";2
3,12;0,219028063;1;200;"SEDAN";3;"F";"B";2
0,67;0,8980150582;1;523,53999996;"SEDAN";4;"F";"C";6
0,92;0,8459958932;1;200;"HBACK";3;"F";"A";3
1,86;0,9199178645;1;403,62999964;"SEDAN";2;"F";"A";6
3,66;0,2819986311;1;518,17999935;"STNWG";3;"F";"F";3
4,7;0,8459958932;1;353,76999998;"STNWG";1;"M";"A";5
0,91;0,2108145106;1;286,37999916;"STNWG";3;"F";"A";4
1,51;0,7802874743;1;4791,4799957;"SEDAN";3;"F";"B";1
1,44;0,5119780972;1;369,14999962;"STNWG";4;"F";"A";2
0,74;0,8980150582;1;2814,5899963;"SEDAN";4;"M";"A";2
1,18;0,8980150582;1;200;"SEDAN";3;"F";"A";4
1,38;0,6324435318;1;200;"SEDAN";3;"M";"C";4
1,05;0,0985626283;1;8870,7199707;"SEDAN";3;"F";"C";5
0,65;0,6351813826;1;200;"SEDAN";4;"F";"E";4
2,76;0,5886379192;1;200;"STNWG";1;"F";"A";3
1,59;0,2162902122;1;930,80999756;"UTE";2;"M";"B";2
0,89;0,7830253251;1;353,79999971;"TRUCK";4;"M";"C";3
0,98;0,0629705681;1;200;"SEDAN";3;"M";"C";1
2,01;0,6242299795;1;1417,2727242;"PANVN";2;"M";"C";3
2,75;0,1149897331;1;200;"STNWG";1;"F";"D";1
0,85;0,8980150582;1;1683,7799988;"HBACK";3;"F";"B";1
1,26;0,9171800137;1;342,6400032;"HBACK";2;"F";"C";2
0,6;0,5092402464;1;1820,3399963;"HBACK";4;"F";"E";1
4,349;0,2902121834;1;2246,0229988;"UTE";1;"F";"E";1
1,03;0,8952772074;1;200;"HBACK";4;"F";"D";3
1,74;0,5092402464;1;200;"STNWG";4;"M";"C";2
1,54;0,3011635866;1;200;"SEDAN";2;"M";"E";2
1,01;0,5092402464;2;21769,65361;"HBACK";2;"F";"D";2
1,56;0,7091033539;1;1265,4499969;"HBACK";2;"M";"A";3
1,13;0,6132785763;1;1656,4299965;"SEDAN";3;"M";"C";4
1,95;0,6105407255;1;470,1099987;"STNWG";3;"M";"D";4
1,8;0,6132785763;3;4076,8199968;"SEDAN";2;"M";"B";6
0,43;0,6981519507;1;420;"SEDAN";4;"F";"B";2
0,76;0,6105407255;1;1426,0099983;"HBACK";3;"F";"C";5
3,18;0,3887748118;2;2212,6899981;"STNWG";2;"F";"A";5
2,61;0,386036961;1;200;"STNWG";2;"F";"A";4
2,11;0,5092402464;1;353,76999998;"SEDAN";2;"M";"C";2
1,97;0,2683093771;1;200;"SEDAN";2;"F";"C";4
1,48;0,2354551677;1;9278,8599854;"HBACK";1;"M";"D";1
1,4;0,9171800137;1;200;"SEDAN";3;"F";"C";3
0,84;0,59137577;1;2669,8399963;"HBACK";3;"M";"C";5
1,35;0,5065023956;1;200;"SEDAN";3;"M";"C";2
0,34;0,2162902122;1;640,72727203;"HBACK";4;"F";"A";4
1,45;0,9911019849;1;390;"UTE";4;"M";"E";1
1,23;0,5065023956;1;3105,6999969;"HBACK";2;"F";"D";2
3,85;0,2162902122;1;1747,4399986;"STNWG";1;"F";"C";3
2,12;0,6078028747;1;567,14999962;"SEDAN";1;"F";"D";3
0,68;0,6078028747;1;200;"HBACK";4;"F";"C";5
2,45;0,2135523614;1;909,64999962;"SEDAN";1;"M";"C";6
1,39;0,0602327173;1;200;"HBACK";1;"M";"A";6
2,33;0,59137577;1;401,04999971;"STNWG";2;"F";"A";4
1,99;0,4079397673;1;450,04999971;"SEDAN";2;"F";"E";3
2,33;0,6625598905;1;200;"STNWG";3;"F";"F";3
0,93;0,8377823409;1;3744,5399933;"SEDAN";3;"F";"C";3
0,79;0,8898015058;1;1084,7799988;"HBACK";4;"M";"B";2
1,24;0,8377823409;1;389,94999981;"HBACK";2;"F";"F";1
0,92;0,8377823409;1;372,26999998;"HBACK";3;"F";"D";4
1,18;0,8377823409;1;438,5;"TRUCK";4;"M";"B";5
1,21;0,2984257358;1;200;"COUPE";4;"M";"B";3
0,9;0,8815879534;1;683;"HBACK";3;"F";"A";3
2,16;0,5065023956;1;200;"HBACK";1;"F";"B";2
1,28;0,7857631759;1;1454,0299988;"SEDAN";3;"F";"B";4
1,65;0,8076659822;1;200;"SEDAN";3;"M";"B";3
3,63;0,5065023956;1;404,5454545;"STNWG";2;"F";"D";5
3,57;0,8350444901;1;200;"UTE";1;"M";"A";2
1,19;0,8898015058;1;567,94999981;"STNWG";4;"M";"B";4
3,45;0,9144421629;1;1347,329998;"HDTOP";2;"M";"F";4
1,02;0,3997262149;1;200;"SEDAN";4;"M";"C";4
1,23;0,7857631759;1;353,76999998;"HBACK";2;"F";"C";2
4,25;0,3969883641;1;353,76999998;"STNWG";2;"M";"B";4
1,349;0,5065023956;1;200;"HBACK";1;"F";"B";1
1,99;0,3969883641;1;359,5;"STNWG";4;"M";"A";3
1,67;0,295687885;1;200;"HBACK";2;"F";"C";3
1,08;0,2135523614;1;2370,9899979;"HBACK";3;"F";"C";4
1,17;0,5065023956;1;200;"SEDAN";3;"F";"A";5
4,58;0,257357974;2;1875,1399994;"STNWG";1;"M";"D";2
0,65;0,5065023956;1;200;"SEDAN";4;"M";"C";2
0,79;0,3942505133;1;353,76999998;"HBACK";3;"F";"C";1
1,55;0,5037645448;1;2434,609993;"HBACK";1;"F";"C";5
0,39;0,3969883641;1;359,5;"STNWG";4;"F";"C";4
0,95;0,6023271732;1;200;"SEDAN";4;"M";"C";4
0,83;0,6023271732;1;2326,4499969;"STNWG";4;"M";"D";2
2,61;0,6023271732;1;376,62999964;"STNWG";4;"F";"E";5
1,29;0,0574948665;1;353,76999998;"HDTOP";4;"F";"C";1
2,33;0,6050650239;1;3563,409996;"UTE";2;"M";"C";6
0,39;0,5065023956;1;390;"SEDAN";4;"F";"C";4
1,21;0,5995893224;1;1702,7599983;"HBACK";2;"F";"D";1
0,9;0,5065023956;1;377,8499999;"UTE";4;"F";"B";2
2,18;0,5065023956;1;748,44999886;"SEDAN";2;"M";"C";4
0,74;0,3997262149;1;947,75;"HBACK";4;"F";"B";5
0,97;0,3997262149;1;1657,9499969;"SEDAN";3;"F";"C";4
1,66;0,3367556468;1;13172,72998;"STNWG";4;"F";"F";4
1,428;0,6543463381;1;200;"HBACK";1;"M";"A";4
3,4;0,6023271732;1;345;"UTE";1;"M";"B";5
1,74;0,3969883641;1;579,31999969;"SEDAN";1;"M";"B";2
1,73;0,629705681;1;200;"SEDAN";2;"F";"C";4
1,45;0,8624229979;1;1210,9499989;"SEDAN";3;"F";"F";5
2,79;0,4106776181;1;1532,9299965;"STNWG";2;"M";"F";3
2,54;0,9144421629;1;1335,8199997;"TRUCK";3;"M";"D";2
2,43;0,8350444901;1;5823,9499969;"SEDAN";1;"M";"B";2
3,28;0,8323066393;1;372,26999998;"STNWG";1;"M";"B";3
1,44;0,629705681;1;2418,8099976;"UTE";4;"M";"F";5
1,73;0,629705681;1;3931,25;"HBACK";2;"F";"E";6
0,86;0,8350444901;1;272,09000015;"SEDAN";4;"F";"A";3
1,42;0,7665982204;1;200;"SEDAN";3;"M";"A";3
2,999;0,8350444901;1;200;"STNWG";1;"M";"D";1
4,85;0,1122518823;1;1957,2299995;"STNWG";2;"M";"B";4
0,84;0,1642710472;1;7796,3699951;"HBACK";3;"F";"C";2
0,99;0,7665982204;1;353,76999998;"HBACK";3;"F";"C";2
1,61;0,295687885;1;353,76999998;"HBACK";2;"F";"B";3
2,44;0,8843258042;1;1659,3799973;"SEDAN";1;"M";"A";6
1,09;0,3230663929;1;3725,4618225;"STNWG";3;"M";"C";6
1,08;0,8980150582;1;834,52999878;"SEDAN";3;"F";"C";6
1,63;0,8980150582;1;1544,0899963;"HDTOP";3;"F";"B";3
1,01;0,8980150582;1;353,76999998;"HBACK";3;"F";"C";3
1,98;0,8980150582;1;1020,5599995;"STNWG";4;"M";"C";4
0,92;0,476386037;1;1449,1436348;"HBACK";4;"M";"C";3
1,559;0,7912388775;1;393,79999971;"HBACK";1;"F";"C";1
4,11;0,887063655;1;837,19999886;"STNWG";1;"F";"F";1
1,59;0,6269678302;1;696,47999954;"SEDAN";3;"M";"A";4
2,41;0,8569472964;1;385,0899992;"STNWG";3;"M";"A";5
1,28;0,1396303901;1;4057,8099976;"STNWG";4;"F";"C";5
1,86;0,8569472964;1;882,09999847;"HBACK";1;"M";"A";5
1,89;0,8596851472;1;1785,7399979;"SEDAN";2;"F";"D";4
1,1;0,8569472964;1;353,76999998;"SEDAN";3;"F";"C";3
1,82;0,7802874743;1;1211,3499985;"STNWG";2;"M";"C";4
3,32;0,5037645448;2;959,41999912;"STNWG";1;"F";"C";5
2,23;0,1423682409;1;1176,8099995;"SEDAN";1;"F";"B";4
1,6;0,8596851472;1;721,25999832;"HBACK";3;"F";"A";4
1,56;0,2710472279;1;252,38999939;"HDTOP";4;"M";"D";2
1,12;0,8569472964;1;221;"HBACK";3;"M";"C";4
2,29;0,4435318275;1;2311,1899948;"STNWG";3;"F";"E";3
1,09;0,7885010267;1;861,15999985;"SEDAN";4;"F";"A";2
2,2;0,7693360712;1;1235,3699989;"STNWG";2;"M";"C";2
2,68;0,8843258042;1;200;"SEDAN";1;"F";"E";4
2,5;0,8323066393;1;870,12999916;"HDTOP";1;"F";"C";4
2,3;0,2080766598;1;2287,7099991;"STNWG";3;"F";"A";3
2,34;0,772073922;2;1987,7999992;"MIBUS";4;"F";"E";4
1,41;0,4900752909;1;3442,4636307;"SEDAN";2;"F";"A";1
3,22;0,9993155373;2;3608,1799984;"UTE";2;"F";"C";1
2,38;0,8295687885;1;1076,1499996;"STNWG";3;"F";"B";3
0,58;0,1341546886;1;3663,409996;"COUPE";4;"F";"A";6
1,61;0,8952772074;1;233,2699995;"SEDAN";2;"M";"C";5
1,23;0,8952772074;1;1140,1899986;"HBACK";2;"F";"A";5
0,44;0,8323066393;1;2438,5799942;"HBACK";4;"F";"C";2
1,3;0,7145790554;1;200;"HBACK";2;"F";"A";1
3,06;0,8323066393;1;389,94999981;"STNWG";3;"M";"D";2
1,14;0,9062286105;2;2701,2199974;"UTE";4;"M";"C";4
1,06;0,2655715263;1;353,76999998;"HBACK";4;"F";"C";2
0,88;0,3942505133;1;616,80999947;"SEDAN";3;"F";"D";6
5,27;0,3942505133;1;250;"STNWG";2;"F";"D";6
1,78;0,3942505133;1;1522,2199974;"SEDAN";2;"F";"C";4
1,65;0,605065024;1;4795,4899902;"SEDAN";2;"F";"B";3
2,13;0,3942505133;1;200;"SEDAN";2;"F";"C";6
0,81;0,4325804244;1;7195,7799835;"HBACK";4;"F";"D";2
2,66;0,8651608487;1;887,38999939;"STNWG";3;"M";"A";5
2,66;0,2874743326;1;1233,4699974;"STNWG";2;"M";"B";3
4,8;0,8651608487;1;353,79999971;"HDTOP";1;"M";"A";1
2,36;0,925393566;1;462,25;"STNWG";3;"F";"C";2
0,71;0,9062286105;1;727,16999817;"SEDAN";4;"M";"D";3
1,8;0,9062286105;1;200;"STNWG";2;"F";"A";5
4,71;0,9993155373;1;200;"STNWG";1;"F";"D";6
1,13;0,2436687201;1;408,12999964;"SEDAN";3;"F";"A";1
2,24;0,8076659822;1;200;"STNWG";3;"M";"B";2
1,29;0,4407939767;1;404,5454545;"STNWG";4;"F";"F";3
1,31;0,8815879535;1;200;"HBACK";1;"M";"A";5
1,25;0,8295687885;1;482,89999962;"STNWG";4;"M";"D";4
0,4;0,8295687885;1;384,5;"STNWG";4;"M";"B";3
4,42;0,501026694;1;1349,9399986;"TRUCK";1;"M";"D";4
5,14;0,8158795346;1;390;"STNWG";1;"F";"B";2
2,65;0,7036276523;1;810,64999962;"SEDAN";2;"F";"C";4
0,73;0,1314168378;1;353,13999987;"STNWG";4;"M";"A";4
1,24;0,8295687885;1;508,11999989;"HBACK";2;"F";"B";4
1,22;0,9993155373;1;472;"HBACK";3;"F";"C";4
0,64;0,772073922;1;200;"HBACK";4;"M";"D";2
1,04;0,6981519507;1;353,76999998;"HBACK";2;"F";"E";4
0,62;0,3203285421;1;4368,2999878;"UTE";4;"M";"A";1
3,2;0,2984257358;1;490,81999969;"STNWG";3;"F";"F";3
0,71;0,629705681;1;271,72999954;"STNWG";4;"F";"A";2
3,98;0,6844626968;1;1328,6799965;"STNWG";2;"M";"F";4
1,26;0,8295687885;1;353,76999998;"HBACK";2;"F";"A";1
1,47;0,7748117728;1;200;"UTE";4;"M";"C";3
1,82;0,5968514716;1;1358,1099968;"HBACK";2;"M";"D";6
1,6;0,5968514716;1;3690,2899933;"SEDAN";2;"F";"D";3
2,01;0,5968514716;1;908,38999939;"HBACK";1;"M";"C";3
2,76;0,090349076;1;480;"SEDAN";1;"M";"D";6
1,05;0,5968514716;1;9301,8499756;"PANVN";4;"M";"A";3
3,29;0,8021902806;1;3159,5299988;"STNWG";1;"M";"B";5
1,52;0,8788501027;1;404,30999756;"SEDAN";2;"M";"A";2
1,2;0,4353182752;2;968,32999992;"SEDAN";3;"M";"C";3
1,89;0,8815879535;1;4767,1099854;"SEDAN";2;"F";"E";4
1,02;0,4928131417;1;353,76999998;"HBACK";3;"M";"A";3
2,77;0,9226557153;1;353,76999998;"STNWG";1;"F";"C";2
0,71;0,8268309377;1;353,76999998;"STNWG";4;"F";"C";2
1,6;0,2847364819;1;3112,3199997;"UTE";3;"M";"A";3
0,98;0,7145790554;1;200;"HBACK";3;"M";"C";1
0,97;0,8268309377;2;4108,6999969;"SEDAN";3;"F";"E";5
1,85;0,9965776865;1;1251;"SEDAN";1;"M";"B";4
1,57;0,900752909;1;200;"HBACK";2;"F";"B";6
1,15;0,8268309377;1;1502,0499992;"SEDAN";3;"M";"A";6
4,64;0,3832991102;1;1827,6399994;"STNWG";1;"F";"B";2
0,54;0,4928131417;1;644,54999924;"COUPE";4;"M";"C";2
2,9;0,8268309377;1;600,5899992;"SEDAN";1;"F";"C";5
3,47;0,386036961;1;769,00999832;"STNWG";1;"F";"C";3
3,91;0,5366187543;1;3575,1799927;"UTE";1;"M";"E";3
1,18;0,900752909;1;542,25;"SEDAN";3;"F";"B";3
0,9;0,2929500342;1;1182,7099991;"SEDAN";3;"M";"C";4
1,74;0,4928131417;1;389,94999981;"STNWG";4;"F";"F";3
2,52;0,8268309377;1;345;"TRUCK";3;"M";"B";2
0,37;0,4928131417;1;715,75999832;"UTE";4;"M";"A";1
1,3;0,5503080082;1;1240,3399963;"SEDAN";3;"F";"C";4
1,46;0,386036961;1;7160,6399994;"SEDAN";3;"F";"B";5
3,97;0,6132785763;1;389,94999981;"STNWG";2;"F";"E";5
0,54;0,386036961;1;2655,6199951;"HBACK";4;"F";"C";3
1,73;0,4900752909;1;2523,0236359;"HBACK";1;"F";"A";2
0,79;0,3915126626;1;390;"TRUCK";3;"F";"D";1
0,84;0,8268309377;1;4146,3499985;"HBACK";3;"F";"C";4
2,5;0,1204654346;1;1388,9699974;"UTE";3;"M";"C";4
0,85;0,3258042437;1;7614,7999878;"HBACK";3;"F";"C";2
2,66;0,5366187543;1;1730,6199989;"SEDAN";1;"M";"B";1
0,78;0,8240930869;1;1192,3399982;"STNWG";4;"M";"A";4
1,76;0,7748117728;1;2821,909996;"HBACK";1;"F";"B";1
0,6;0,8980150582;1;1627,3499985;"SEDAN";4;"M";"A";4
3,74;0,4928131417;1;553,64999962;"STNWG";2;"M";"B";4
1,63;0,5338809035;1;4927,0899963;"HBACK";1;"M";"E";4
1,42;0,8761122519;1;200;"SEDAN";3;"F";"C";3
2,96;0,6160164271;1;232,80000019;"STNWG";3;"M";"C";6
1,75;0,3093771389;1;353,79999971;"STNWG";4;"F";"F";3
0,41;0,5941136208;1;3087,3999939;"STNWG";4;"M";"A";4
1,2;0,5941136208;1;2640,6799927;"SEDAN";4;"F";"E";4
1,03;0,5941136208;1;200;"HBACK";2;"F";"E";2
0,53;0,5776865161;1;6183,6356201;"HBACK";4;"M";"C";6
3,39;0,5941136208;1;369,14999962;"STNWG";3;"M";"E";3
0,65;0,3258042437;1;353,76999998;"MIBUS";4;"F";"C";4
0,39;0,4052019165;1;353,79999971;"PANVN";4;"F";"C";4
1,38;0,5941136208;1;200,00363524;"SEDAN";3;"M";"C";3
3,36;0,8021902806;1;3852,5599976;"STNWG";2;"F";"A";3
1,399;0,6187542779;1;200;"HBACK";1;"M";"B";3
1,27;0,8021902806;1;480;"SEDAN";4;"F";"E";4
1,19;0,7036276523;1;5082,7799988;"SEDAN";3;"F";"C";2
1,58;0,8788501027;1;353,76999998;"SEDAN";3;"M";"C";2
1,46;0,8240930869;1;6814,8599854;"SEDAN";3;"M";"B";4
3,56;0,8761122519;1;8624,6299744;"UTE";1;"F";"A";4
0,41;0,8761122519;1;200;"SEDAN";4;"F";"D";1
3,64;0,5366187543;1;200;"STNWG";1;"F";"D";4
1,35;0,0657084189;1;9552,6399536;"HBACK";2;"F";"B";2
0,63;0,8186173853;1;8971,7799988;"PANVN";4;"M";"B";3
0,71;0,3586584531;1;8887,8499756;"SEDAN";4;"F";"C";3
0,61;0,0219028063;1;5828,6299896;"SEDAN";4;"F";"A";5
0,48;0,887063655;1;200;"HBACK";4;"M";"B";5
2;0,8925393566;1;329,69999981;"HBACK";1;"F";"B";6
2,43;0,8898015058;1;2988,159996;"SEDAN";1;"M";"A";6
3,749;0,6598220397;1;353,76999998;"STNWG";1;"M";"D";5
1,75;0,887063655;1;200;"SEDAN";2;"F";"B";5
3,399;0,8898015058;1;353,76999998;"STNWG";1;"M";"B";5
4,11;0,9993155373;1;870,18999863;"STNWG";2;"F";"C";2
5,27;0,4818617385;1;665,06999969;"STNWG";2;"M";"B";3
1,93;0,8925393566;1;200;"SEDAN";2;"M";"C";2
2,82;0,887063655;1;713,63999939;"STNWG";1;"M";"C";3
1,9;0,4845995893;1;6017,6499939;"UTE";2;"M";"D";2
0,77;0,7310061602;1;6264,4499817;"HBACK";3;"F";"C";3
1,83;0,8898015058;1;621,96999931;"SEDAN";2;"F";"D";3
2,14;0,5284052019;2;778,03999996;"STNWG";2;"M";"C";2
1,93;0,6516084873;2;553,76999998;"SEDAN";2;"M";"A";4
0,43;0,5256673511;1;200;"HBACK";4;"M";"A";4
2,2;0,8925393566;1;353,76999998;"STNWG";3;"F";"D";4
0,51;0,8186173853;1;2626,5999985;"HBACK";4;"F";"C";1
2,2;0,6132785763;1;610;"HDTOP";3;"M";"C";4
1,57;0,8898015058;1;200;"HBACK";2;"M";"A";6
2,55;0,8186173854;1;357,05999994;"SEDAN";1;"M";"D";6
0,59;0,8925393566;2;5820,5399933;"SEDAN";4;"M";"A";2
1,37;0,887063655;1;736,93999863;"HBACK";3;"M";"A";4
3,55;0,3121149897;1;370;"STNWG";3;"M";"C";3
1,59;0,1943874059;1;755,8599968;"SEDAN";1;"F";"A";3
0,41;0,3148528405;1;1391,9399986;"HBACK";4;"M";"C";5
1,65;0,1943874059;1;1581,579998;"SEDAN";3;"F";"A";4
1,19;0,3778234086;1;1551,5499992;"HBACK";4;"M";"C";4
2,73;0,7994524298;1;389,76999998;"STNWG";3;"F";"B";4
3,4;0,6872005476;1;1580,2799988;"UTE";1;"M";"E";3
0,58;0,2162902122;1;2063,6399994;"SEDAN";4;"M";"B";2
1,36;0,6872005476;1;4853,5;"HBACK";3;"F";"C";1
1,39;0,8186173853;1;729,08999825;"HBACK";1;"F";"D";2
0,43;0,1040383299;1;200;"SEDAN";4;"M";"C";4
1,1;0,8405201916;1;2295,4399948;"SEDAN";3;"F";"C";4
1,51;0,6872005476;1;5161,5599976;"STNWG";4;"F";"C";1
0,44;0,8158795346;1;2460,2599945;"HBACK";4;"F";"C";3
2,35;0,7857631759;1;601,7699995;"STNWG";3;"F";"C";3
3,3;0,6872005476;1;200,00000033;"UTE";2;"M";"E";3
0,73;0,6652977413;1;1753,2799988;"HBACK";3;"F";"D";3
1,36;0,2162902122;1;970,6799984;"SEDAN";3;"F";"E";2
0,76;0,8706365503;1;389,94999981;"PANVN";4;"F";"D";4
1,9;0,1943874059;1;13753,149994;"STNWG";4;"M";"C";6
3,49;0,6872005476;1;1404,3399963;"STNWG";2;"F";"C";4
1,06;0,4845995893;1;1029,75;"HBACK";4;"F";"C";1
3,38;0,5174537988;1;518,77999973;"STNWG";2;"F";"F";2
2,92;0,8706365503;1;1854,6099968;"STNWG";1;"F";"A";2
1,85;0,4873374401;1;771,5;"HBACK";1;"M";"C";2
2,01;0,1149897331;1;349,25;"STNWG";3;"F";"A";5
4,27;0,8843258042;1;917,04999924;"STNWG";2;"F";"B";4
3,59;0,8843258042;1;544,5;"STNWG";2;"M";"C";4
1,77;0,8843258042;1;2808,8299942;"HDTOP";3;"M";"C";6
0,65;0,1889117043;1;4781,250885;"COUPE";4;"F";"C";3
2,099;0,9993155373;1;1013,3299999;"SEDAN";1;"F";"C";3
0,76;0,3066392882;1;2714,0736313;"SEDAN";4;"F";"A";2
3,64;0,9911019849;1;353,76999998;"STNWG";2;"M";"B";4
1,55;0,8049281314;1;345;"SEDAN";4;"M";"B";3
1,86;0,8158795346;1;2777,0899963;"HBACK";3;"M";"B";4
0;0,9993155373;2;1394,3299994;"STNWG";4;"F";"B";2
1,9;0,8131416838;1;752,83999825;"SEDAN";1;"F";"B";5
0,35;0,8158795346;1;200;"HBACK";4;"F";"A";5
2,59;0,9911019849;1;353,76999998;"SEDAN";1;"F";"D";2
0,76;0,5776865161;1;6692,8899994;"HBACK";3;"F";"A";1
3,1;0,8158795346;1;408,94999981;"UTE";2;"F";"F";2
2,12;0,5256673511;1;378,8499999;"SEDAN";2;"F";"C";4
0,87;0,7885010267;1;353,76999998;"HBACK";3;"F";"B";2
0,54;0,4845995893;1;4003;"SEDAN";4;"F";"B";2
1,16;0,9993155373;1;345;"STNWG";4;"M";"A";2
1,75;0,4736481862;1;353,76999998;"TRUCK";1;"M";"B";5
1,97;0,8733744011;1;389,94999981;"SEDAN";2;"F";"F";5
4,9;0,1259411362;1;278,22000408;"SEDAN";1;"F";"A";5
1,4;0,1259411362;1;1100,1599998;"HBACK";1;"F";"A";4
4;0,9993155373;1;390;"STNWG";3;"F";"F";4
1,428;0,8158795346;1;481,96999931;"HBACK";1;"F";"A";3
1,8;0,514715948;1;1549,9399986;"STNWG";3;"M";"C";2
1,22;0,6844626968;1;475,65999985;"HBACK";2;"F";"C";2
2,41;0,0054757016;1;16306,819977;"TRUCK";3;"M";"D";3
1,06;0,1259411362;1;270,26998901;"STNWG";3;"F";"B";4
2,5;0,7638603696;1;200;"STNWG";2;"F";"A";4
0,43;0,8678986995;1;200;"HBACK";4;"F";"D";2
1,41;0,1177275838;1;1684,6199989;"HBACK";2;"M";"D";3
2,25;0,205338809;1;2958,7299957;"SEDAN";1;"F";"C";6
1,47;0,5256673511;1;2031,079998;"SEDAN";3;"F";"A";1
1,05;0,8815879535;1;200;"HBACK";2;"F";"C";4
2,71;0,501026694;1;2262,3799973;"STNWG";2;"M";"D";3
0,77;0,052019165;1;322,32999992;"HBACK";4;"F";"A";2
1,64;0,4845995893;1;3143,6499939;"SEDAN";2;"F";"E";3
0,44;0,1095140315;1;3679,0899963;"SEDAN";4;"F";"A";2
1,5;0,514715948;1;1691,3499985;"HBACK";4;"M";"A";3
2,06;0,3668720055;1;16310,839966;"STNWG";4;"M";"B";6
1,61;0,8131416838;1;703,0199995;"HBACK";3;"M";"C";6
1,65;0,6160164271;1;407,79999971;"SEDAN";3;"F";"B";4
3,549;0,4654346338;1;550;"STNWG";1;"F";"F";3
1,9;0,4845995893;1;1332,8399963;"SEDAN";1;"M";"D";4
1,89;0,8076659822;1;243,55000019;"SEDAN";2;"F";"C";4
2,94;0,8678986995;1;947,54999924;"HBACK";2;"F";"C";5
2,25;0,8678986995;1;3957,7799988;"STNWG";3;"M";"B";2
1,48;0,8076659822;1;459,5;"COUPE";3;"M";"B";4
1,39;0,6132785763;1;289,08999991;"HBACK";1;"F";"A";4
1,85;0,1861738535;1;3948,0299911;"STNWG";3;"F";"C";4
2,3;0,9883641342;1;200;"HDTOP";2;"M";"A";4
2,03;0,4818617385;1;835,76999855;"UTE";3;"F";"E";3
1,06;0,424366872;1;613,04999924;"HBACK";4;"F";"A";1
4,78;0,9883641342;1;565,92999935;"STNWG";1;"M";"A";3
1,85;0,59137577;1;1061,4499989;"SEDAN";2;"M";"D";5
2,61;0,59137577;1;200;"STNWG";3;"M";"C";5
1,1;0,4572210814;1;420;"SEDAN";3;"F";"F";1
1,14;0,59137577;1;3931,5099945;"SEDAN";3;"F";"C";6
6,38;0,7501711157;1;390;"STNWG";1;"F";"D";5
1,61;0,4079397673;1;408,94999981;"SEDAN";3;"M";"E";5
1,07;0,59137577;1;265,69000053;"SEDAN";4;"M";"D";3
1,27;0,7748117728;1;408,94999981;"TRUCK";4;"F";"E";2
1,2;0,8131416838;1;367,02999973;"SEDAN";3;"F";"B";2
1,3;0,8076659822;1;345;"HBACK";2;"F";"A";5
0,5;0,6981519507;1;3607,7799911;"HBACK";4;"F";"E";4
0,72;0,5229295003;2;4387,484539;"HBACK";3;"F";"B";3
1,28;0,8651608487;1;1244,1899986;"TRUCK";3;"M";"C";2
1,29;0,7282683094;1;367,72999954;"SEDAN";3;"F";"C";4
1,42;0,8651608487;1;652,48999977;"HBACK";1;"M";"C";6
0,52;0,0684462697;1;1592,2599983;"SEDAN";4;"F";"B";4
0,7;0,5229295003;1;7031,1699982;"HBACK";4;"M";"B";3
2,84;0,5229295003;2;4419,7499933;"STNWG";3;"F";"F";2
0,73;0,7885010267;1;591;"HBACK";4;"F";"C";2
2,84;0,5229295003;1;427,26999998;"STNWG";3;"M";"C";3
4;0,2026009582;1;442,5;"STNWG";3;"F";"B";5
1,37;0,8651608487;1;200;"HBACK";3;"F";"A";2
0,74;0,5749486653;1;200;"HBACK";4;"F";"C";2
1,74;0,8624229979;2;1092,9099989;"SEDAN";2;"F";"A";4
0,77;0,6023271732;1;1836,9199982;"HBACK";4;"F";"A";5
1,38;0,8651608487;1;200;"SEDAN";2;"F";"C";1
2,81;0,4818617385;1;353,76999998;"SEDAN";1;"M";"D";5
1,61;0,5886379192;1;200;"SEDAN";2;"M";"B";6
1,97;0,5886379192;1;575,94999981;"SEDAN";3;"F";"A";6
1,56;0,4106776181;1;480;"STNWG";4;"F";"D";6
2,99;0,5886379192;1;200;"HDTOP";1;"F";"A";3
0,58;0,4106776181;1;390;"TRUCK";4;"M";"E";6
1,6;0,2080766598;1;1404,75;"HBACK";2;"F";"A";2
1,37;0,5886379192;1;200;"HBACK";2;"F";"A";3
2,91;0,5886379192;1;889,84999847;"STNWG";1;"F";"B";4
0,46;0,5722108145;1;2073,7099991;"SEDAN";4;"F";"C";3
1,94;0,8624229979;1;200;"SEDAN";2;"F";"A";1
1,38;0,4791238877;1;586,82999992;"UTE";2;"M";"C";3
3,2;0,4791238877;1;2067,3199997;"UTE";2;"M";"D";1
1,52;0,9801505818;1;922,06999969;"UTE";4;"M";"C";4
2,56;0,810403833;2;11653,23;"HDTOP";1;"F";"A";1
0,31;0,0465434634;1;1111,3445435;"SEDAN";4;"F";"A";3
0,96;0,7310061602;2;8766,5899811;"SEDAN";4;"M";"D";3
1,5;0,7912388775;1;998,46999931;"HDTOP";3;"F";"B";1
3,02;0,5201916495;1;3096,7999954;"STNWG";2;"F";"A";4
1,36;0,0328542094;1;567,6799984;"HBACK";2;"M";"B";6
1,37;0,7912388775;1;210,35000229;"HBACK";1;"F";"C";3
2,07;0,8076659822;1;7465,1199951;"STNWG";1;"M";"A";2
1,74;0,8596851472;1;200;"HBACK";2;"F";"B";5
0,81;0,1834360027;1;993,89999962;"HBACK";4;"F";"A";4
1,66;0,5366187543;1;978,66999817;"HBACK";3;"M";"A";2
1,42;0,8624229979;2;3974,0099964;"TRUCK";2;"M";"C";2
0,89;0,9801505818;1;200;"HBACK";3;"F";"B";3
1,01;0,1368925394;2;662,07999992;"SEDAN";4;"F";"C";3
2,04;0,3805612594;1;1027;"STNWG";3;"M";"A";5
2,06;0,5722108145;1;200;"SEDAN";2;"M";"C";5
2,88;0,3805612594;1;353,76999998;"STNWG";1;"M";"B";5
1,45;0,6187542779;1;1031,8399982;"SEDAN";3;"M";"B";5
1,52;0,8624229979;1;200;"SEDAN";3;"M";"B";2
2,4;0,3668720055;1;20745,869934;"TRUCK";2;"M";"E";1
1,28;0,3805612594;1;453,97999954;"HBACK";2;"F";"A";4
1;0,6187542779;1;225,39999998;"HBACK";3;"F";"C";1
0,53;0,3805612594;1;4619,1536255;"SEDAN";4;"F";"A";2
1,06;0,2655715263;1;1793,1899986;"HBACK";3;"M";"A";1
0,79;0,5229295003;2;3491,529995;"HBACK";4;"F";"C";3
1,65;0,4736481862;1;2634,9199982;"SEDAN";2;"F";"D";3
1,53;0,4736481862;1;7641,2099915;"PANVN";2;"F";"A";5
1,53;0,2683093771;1;3027,6699982;"STNWG";4;"M";"F";2
3,44;0,7939767283;1;389,94999981;"UTE";1;"F";"F";1
0,53;0,4736481862;1;1938,7799988;"HBACK";4;"F";"C";4
1,31;0,3778234086;1;369,17999983;"STNWG";4;"M";"D";1
1,98;0,2683093771;1;600,68999958;"SEDAN";2;"M";"C";4
3,73;0,8076659822;1;2460,0899963;"STNWG";2;"M";"A";2
0,83;0,8076659822;1;200;"SEDAN";3;"F";"B";1
1,37;0,9993155373;1;200;"HBACK";2;"M";"A";6
1,13;0,4736481862;1;781,59999847;"SEDAN";3;"F";"C";4
1,03;0,4298425736;1;390;"HBACK";3;"F";"E";1
2,29;0,8049281314;1;1901,1699905;"HBACK";1;"M";"C";1
1,36;0,6707734428;1;200,00999451;"HBACK";3;"F";"F";3
1,81;0,8980150582;1;736,94999886;"SEDAN";2;"F";"A";2
1,38;0,8076659822;2;7657,5699768;"UTE";3;"M";"F";5
2,52;0,4736481862;1;4955,9999847;"STNWG";3;"F";"D";1
1,58;0,3969883641;1;11379,319977;"UTE";3;"M";"B";5
0,78;0,2518822724;1;4140,0099945;"HBACK";3;"M";"A";2
1,52;0,8076659822;1;1864,5699997;"STNWG";4;"F";"F";2
2,35;0,8980150582;1;200;"UTE";2;"M";"A";1
1,31;0,8076659822;1;519,54999924;"STNWG";4;"M";"E";4
2,44;0,8596851472;1;696,31999969;"SEDAN";1;"F";"C";4
1,42;0,4818617385;1;541,18999958;"HBACK";2;"M";"C";2
0,97;0,8596851472;1;200;"HDTOP";4;"F";"B";4
1,79;0,8980150582;2;830,92999983;"SEDAN";2;"F";"A";4
1,35;0,5694729637;1;200;"SEDAN";3;"M";"C";4
1,799;0,0547570157;1;2953,2599564;"SEDAN";1;"M";"A";2
3,35;0,1806981519;1;200;"STNWG";1;"M";"B";3
2,78;0,3230663929;1;367,72999954;"STNWG";2;"F";"A";2
1,17;0,7748117728;1;9024,9499817;"SEDAN";3;"M";"A";3
0,89;0,4928131417;1;2207,659996;"HBACK";3;"F";"E";4
0,87;0,7939767283;1;4779,7899933;"HBACK";4;"M";"B";2
4;0,9993155373;1;353,76999998;"STNWG";3;"M";"B";3
1,03;0,1451060917;1;390;"SEDAN";3;"F";"D";3
1,49;0,5174537988;1;613,48999977;"SEDAN";2;"M";"B";5
1,3;0,4490075291;1;322,77999878;"HBACK";1;"M";"A";3
1,37;0,9993155373;1;1116,7499981;"SEDAN";3;"F";"C";4
1,31;0,8788501027;1;470,25;"HBACK";2;"F";"C";5
1,57;0,5776865161;1;496,28999996;"HBACK";1;"F";"C";6
1,66;0,8049281314;1;200;"HBACK";3;"M";"C";1
0,78;0,4298425736;1;377,88999939;"STNWG";4;"M";"C";5
1,5;0,6625598905;1;200;"HBACK";1;"M";"E";1
2,99;0,8596851472;1;1697,6299973;"TRUCK";1;"F";"D";2
1,15;0,8021902806;2;710,23999977;"HBACK";3;"F";"C";4
2,44;0,4709103354;1;353,76999998;"STNWG";2;"M";"F";2
3,78;0,8596851472;1;390;"STNWG";1;"F";"D";5
1,74;0,8596851472;1;353,76999998;"HBACK";2;"F";"C";5
1,87;0,7967145791;1;2722,8399963;"STNWG";3;"M";"A";3
0,5;0,4709103354;1;408,94999981;"STNWG";4;"M";"E";6
2,35;0,386036961;1;3082,9799957;"HBACK";2;"F";"C";3
1,55;0,9993155373;1;514,8399992;"UTE";3;"M";"C";3
1,77;0,8213552361;1;2996;"STNWG";4;"F";"F";2
1,64;0,4709103354;1;3411,1899948;"STNWG";4;"F";"C";2
2,7;0,514715948;1;20928,679932;"HDTOP";3;"M";"E";5
3,66;0,7748117728;1;669,36999989;"STNWG";1;"F";"B";4
1,95;0,8761122519;1;2968,4899979;"STNWG";4;"F";"D";3
1,87;0,1232032854;1;450;"HBACK";3;"F";"E";1
2,89;0,8761122519;1;200;"STNWG";2;"M";"B";3
1,4;0,8761122519;1;642,44999981;"SEDAN";3;"F";"C";5
2,27;0,8815879535;1;725;"STNWG";3;"F";"C";4
2,33;0,4325804244;1;249,13999999;"SEDAN";2;"M";"B";3
0,97;0,8733744011;1;3563,909996;"HBACK";3;"F";"B";6
1,54;0,8788501027;1;200;"TRUCK";4;"M";"C";2
1,64;0,4216290212;1;585,25;"HBACK";2;"F";"B";4
1,46;0,8815879535;1;2651,5699997;"UTE";3;"M";"D";5
1,7;0,8788501027;1;390;"SEDAN";3;"F";"E";4
1,6;0,4517453799;1;997,22001839;"SEDAN";3;"F";"C";4
1,66;0,8761122519;2;2377,6199994;"HDTOP";3;"F";"A";1
1,82;0,2162902122;1;11616,759979;"SEDAN";2;"M";"C";4
4,09;0,7994524298;1;2114;"UTE";1;"M";"F";5
1,24;0,34770705;1;710,34999943;"HBACK";1;"F";"D";3
2,26;0,7994524298;1;526,93999958;"HBACK";1;"M";"A";4
3,32;0,1587953457;1;353,76999998;"STNWG";2;"F";"C";3
1,95;0,1752224504;1;886,01999855;"STNWG";1;"M";"C";3
2,42;0,605065024;1;441,9199996;"SEDAN";1;"F";"A";5
2,58;0,4654346338;1;2097,0199966;"SEDAN";1;"F";"C";3
1,76;0,5804243669;1;764,76999855;"SEDAN";2;"M";"C";6
2,83;0,5092402464;1;200;"UTE";2;"M";"B";4
3,2;0,4188911704;1;1384,1799965;"SEDAN";2;"M";"B";4
1,94;0,3039014374;1;804,18000793;"HBACK";1;"F";"B";3
4,5;0,4161533196;1;308,45000076;"STNWG";2;"M";"A";4
2,35;0,5804243669;1;919,78999901;"STNWG";3;"M";"D";6
1,96;0,5859000684;1;786,14999962;"SEDAN";1;"M";"E";4
6,22;0,5831622177;1;542;"STNWG";1;"F";"A";4
1,02;0,5859000684;1;1343,4799995;"HBACK";2;"M";"A";4
0,96;0,5831622177;1;3083,4309006;"HBACK";3;"F";"A";5
1,07;0,7693360712;1;642,61999989;"SEDAN";4;"F";"C";3
1,6;0,2628336756;1;9054,7599792;"HBACK";2;"F";"E";2
1;0,5366187543;1;353,76999998;"SEDAN";3;"F";"C";3
2,15;0,8843258042;1;200;"SEDAN";1;"F";"C";3
1,34;0,2628336756;1;200;"HBACK";2;"F";"C";1
2,32;0,2628336756;1;390;"STNWG";3;"M";"D";2
1,69;0,3887748118;1;352,01999998;"HBACK";2;"F";"A";3
1,65;0,4654346338;1;359,17999983;"STNWG";3;"M";"C";3
1,89;0,7967145791;1;353,76999998;"HBACK";1;"F";"A";6
0,65;0,4900752909;1;972,23999786;"TRUCK";4;"M";"C";2
1,15;0,7967145791;1;200;"SEDAN";3;"F";"C";5
2,96;0,5092402464;1;689,0199995;"HDTOP";1;"F";"C";3
1,23;0,2847364819;1;200;"STNWG";3;"F";"A";5
1,26;0,1423682409;1;1728,2299995;"HBACK";2;"F";"C";2
0,45;0,476386037;1;200;"HBACK";4;"F";"A";4
0,9;0,3778234086;1;359,73999977;"SEDAN";3;"F";"C";6
1,56;0,6214921287;1;200;"SEDAN";3;"M";"B";3
4,11;0,6214921287;1;228,29999995;"STNWG";2;"M";"F";2
1,79;0,4654346338;1;200;"SEDAN";4;"F";"B";2
1,47;0,7967145791;1;200;"HBACK";1;"F";"C";1
2,2;0,7967145791;1;353,79999971;"MCARA";4;"M";"A";1
2,91;0,7967145791;1;889,73999977;"STNWG";1;"F";"C";4
1,73;0,7912388775;1;2345,5799942;"MIBUS";4;"M";"B";3
1,33;0,6680355921;3;3097,8599963;"TRUCK";2;"M";"C";2
2,07;0,4216290212;1;367,72999954;"STNWG";3;"M";"C";1
2,05;0,5859000684;1;862,31999969;"SEDAN";2;"F";"E";6
1,56;0,4216290212;1;353,79999971;"STNWG";4;"M";"D";5
1,87;0,5585215606;1;1164,6299992;"STNWG";3;"F";"A";3
3,34;0,5776865161;1;670;"STNWG";3;"F";"C";3
0,83;0,5776865161;1;3222,409996;"SEDAN";4;"F";"B";4
1,38;0,4216290212;1;369,14999962;"SEDAN";3;"F";"C";4
3,06;0,796714579;1;2161,1899986;"STNWG";3;"M";"C";5
1,64;0,7939767283;1;3941,909996;"SEDAN";3;"M";"F";3
4,06;0,8514715948;1;2794,3099976;"STNWG";3;"M";"F";5
2,72;0,1122518823;1;389,94999981;"STNWG";3;"M";"E";3
2,34;0,8295687885;1;200;"SEDAN";2;"F";"B";2
0,76;0,8240930869;1;1871,8499985;"STNWG";4;"F";"D";2
1,64;0,3942505133;1;200;"SEDAN";2;"F";"A";3
2,51;0,887063655;1;473,89999962;"STNWG";3;"M";"D";2
0,9;0,5065023956;1;499,34999847;"HBACK";3;"F";"A";5
0,85;0,8514715948;1;756,27999878;"HBACK";3;"F";"B";1
1,24;0,8514715948;2;8195,8099861;"SEDAN";3;"F";"A";1
1,54;0,4654346338;1;200;"SEDAN";2;"M";"A";1
2,53;0,5393566051;1;903,06999969;"SEDAN";1;"F";"C";3
0,65;0,1478439425;1;369,14999962;"STNWG";4;"M";"B";1
1,71;0,4380561259;1;497,52999973;"SEDAN";2;"F";"C";2
1,28;0,2765229295;1;200;"HBACK";2;"M";"A";5
1,45;0,4928131417;1;654,93999863;"STNWG";4;"M";"B";4
2,42;0,501026694;1;389,94999981;"UTE";3;"M";"B";2
0,44;0,8268309377;1;15588,929993;"HBACK";4;"F";"A";2
6,14;0,7392197125;1;227,21999997;"SEDAN";2;"M";"C";3
4,04;0,8514715948;1;1114,1199989;"STNWG";2;"M";"B";4
2,74;0,977412731;1;1370,5999985;"STNWG";2;"F";"D";2
1,73;0,5366187543;1;371,66999817;"SEDAN";2;"F";"E";2
0,71;0,1724845996;1;1283,5299988;"HBACK";3;"F";"C";4
1,73;0,887063655;1;292,34000015;"HBACK";2;"F";"C";5
1,97;0,6132785763;1;632,4299984;"SEDAN";2;"F";"B";3
1,43;0,8268309377;1;353,76999998;"HDTOP";3;"F";"A";1
1,94;0,3750855578;1;200;"SEDAN";2;"F";"C";5
2,03;0,3696098563;1;353,79999971;"UTE";4;"F";"D";2
2,54;0,4462696783;1;5950,5899963;"STNWG";3;"M";"E";3
1,84;0,7939767283;1;809,56999969;"HBACK";2;"M";"C";3
2,79;0,848733744;1;2620,7199936;"BUS";3;"F";"F";2
0,5;0,1724845996;1;200;"HBACK";4;"F";"A";3
1,76;0,5557837098;1;353,76999998;"SEDAN";1;"M";"D";5
3,34;0,7939767283;1;1927,9299927;"HBACK";2;"F";"E";4
3,3;0,5065023956;1;2144,7799988;"STNWG";2;"F";"B";3
2,77;0,5749486653;3;1231,2599998;"SEDAN";2;"M";"B";4
1,38;0,2819986311;1;634,54999924;"HBACK";3;"F";"E";3
3,52;0,5749486653;1;1188,4399986;"STNWG";2;"F";"D";2
2,71;0,2600958248;1;886;"STNWG";3;"M";"A";4
2,12;0,8843258042;1;353,79999971;"STNWG";3;"M";"B";6
1,56;0,8268309377;1;353,76999998;"SEDAN";1;"F";"A";4
1,51;0,8843258042;1;270,86999989;"MIBUS";4;"F";"B";4
1,52;0,7775496235;1;1354,7999992;"SEDAN";2;"F";"C";4
2,99;0,6214921287;1;353,76999998;"STNWG";3;"M";"E";3
1,37;0,7912388775;2;872,5899992;"UTE";4;"M";"A";3
1,13;0,7939767283;1;709,1499939;"SEDAN";3;"F";"A";1
1,13;0,1697467488;1;863,55999947;"STNWG";4;"F";"D";3
1,19;0,7939767283;1;2848,4699936;"STNWG";4;"M";"A";3
1,94;0,1916495551;1;560,47999954;"SEDAN";1;"M";"A";1
2,83;0,462696783;1;26507,294983;"STNWG";2;"F";"C";2
1,26;0,9993155373;1;4742,5699921;"HBACK";2;"F";"C";4
2,77;0,1505817933;1;353,76999998;"STNWG";1;"F";"E";2
0,86;0,848733744;1;3498,4899979;"SEDAN";4;"F";"C";2
1,23;0,5557837098;1;200;"HBACK";2;"F";"C";3
0,75;0,8678986995;1;3596,0199966;"SEDAN";4;"M";"B";3
0,38;0,8706365503;1;741,5;"SEDAN";4;"F";"B";6
1,18;0,8706365503;1;200;"SEDAN";3;"M";"A";6
0,81;0,4955509925;1;2798,0099945;"HBACK";3;"F";"B";3
1,97;0,8678986995;1;1055,0300045;"STNWG";2;"F";"A";6
1,66;0,8706365503;1;587,78999996;"SEDAN";2;"M";"B";5
1,41;0,9746748802;1;605,61999989;"HBACK";2;"F";"A";6
1,57;0,8733744011;1;1775,0099983;"SEDAN";2;"M";"B";6
1,37;0,5557837098;1;246,97999954;"HBACK";1;"F";"C";1
1,549;0,9993155373;1;1710,3999977;"HBACK";1;"F";"B";4
2,18;0,8733744011;2;763,96999955;"UTE";3;"M";"D";3
1,24;0,8843258042;1;210,84999999;"HBACK";2;"M";"C";4
2,48;0,8076659822;1;9073,2099915;"SEDAN";1;"M";"B";4
1,58;0,7227926078;1;1349,7399979;"UTE";3;"M";"A";5
0,46;0,2792607803;1;1432,1299973;"SEDAN";4;"F";"B";2
0,44;0,643394935;1;6245,4499969;"TRUCK";4;"F";"C";3
1,08;0,5585215606;1;486,04999924;"SEDAN";3;"F";"C";3
1,83;0,8295687885;1;796,95999908;"SEDAN";1;"F";"A";2
0,76;0,7337440109;1;485;"HBACK";3;"F";"F";3
3,28;0,4462696783;1;389,94999981;"STNWG";1;"F";"F";1
2,59;0,4955509925;1;353,76999998;"UTE";2;"M";"B";2
3,08;0,7912388775;1;734,93999863;"PANVN";1;"M";"F";1
3,33;0,7446954141;1;200;"COUPE";2;"F";"C";3
3,7;0,7885010267;1;1454,7199974;"STNWG";1;"F";"A";2
3,75;0,7912388775;1;353,79999971;"HDTOP";2;"M";"A";1
2,21;0,8459958932;1;1298,8099976;"UTE";1;"F";"C";4
1,31;0,8459958932;1;1265,8599968;"HBACK";1;"F";"C";2
1,97;0,7912388775;1;1193,789999;"SEDAN";4;"M";"C";2
0,57;0,7775496235;1;260,37999606;"SEDAN";4;"M";"A";2
0,63;0,7419575633;1;410,90999985;"UTE";4;"M";"B";5
2,14;0,7912388775;1;200;"HBACK";1;"F";"C";3
1,47;0,553045859;1;2818,8799973;"HBACK";2;"M";"A";5
2,12;0,8131416838;1;1200,2499981;"MCARA";4;"M";"A";1
2,198;0,4544832307;1;200;"HBACK";1;"F";"A";5
1,23;0,4462696783;1;1392,6199989;"SEDAN";3;"M";"C";4
2,11;0,7885010267;1;646;"HBACK";1;"F";"E";2
2,41;0,8624229979;1;799,82999992;"SEDAN";1;"M";"B";6
1,64;0,501026694;1;1562,7299995;"HBACK";2;"F";"C";3
0,44;0,8624229979;1;926,59999847;"SEDAN";4;"M";"A";4
0,93;0,8651608487;1;1054,7099991;"SEDAN";3;"F";"C";4
0,85;0,8651608487;1;200;"HBACK";3;"F";"B";4
1,31;0,8624229979;1;603,32999992;"HBACK";2;"M";"C";5
1,85;0,1478439425;1;200;"HBACK";2;"F";"A";2
0,87;0,2518822724;1;3430,859993;"HBACK";3;"F";"C";2
1,2;0,8651608487;1;454,75;"SEDAN";3;"F";"C";5
4,47;0,8459958932;1;390;"STNWG";1;"M";"E";2
1,05;0,4982888433;2;508,18000031;"SEDAN";3;"F";"C";2
1,47;0,8651608487;1;200;"SEDAN";3;"M";"E";3
1,37;0,553045859;1;200;"SEDAN";3;"F";"A";2
2,18;0,8651608487;1;1271,0099983;"SEDAN";3;"M";"B";4
4,23;0,501026694;1;1760,7699966;"STNWG";2;"F";"C";2
1,71;0,9719370294;1;1512;"SEDAN";3;"F";"A";5
1,77;0,501026694;1;548,10999966;"HBACK";1;"M";"C";2
4,62;0,8815879535;1;2205;"TRUCK";1;"M";"C";2
1,97;0,501026694;1;200;"STNWG";4;"M";"C";3
2,79;0,9336071184;1;1998;"TRUCK";3;"M";"D";2
1,61;0,4544832307;1;250;"HBACK";1;"F";"B";4
1,5;0,7885010267;1;408,94999981;"HBACK";1;"F";"E";1
0,72;0,4544832307;1;379,14999962;"HBACK";3;"F";"A";3
2,93;0,4462696783;1;389,94999981;"STNWG";1;"F";"F";2
5,236;0,9226557153;1;384,5;"STNWG";1;"M";"A";4
2,39;0,7885010267;1;219,93999988;"STNWG";4;"M";"C";3
2,51;0,4982888433;1;3718,6299973;"UTE";2;"M";"E";1
2,07;0,9691991786;1;200,01999855;"SEDAN";1;"M";"B";2
1,35;0,2409308693;1;15157,049957;"SEDAN";3;"F";"A";5
1,7;0,4380561259;1;683;"STNWG";2;"F";"A";3
5,27;0,8432580424;1;389,94999981;"STNWG";1;"F";"E";2
1,78;0,9993155373;1;4547,6499939;"TRUCK";2;"M";"E";1
0,88;0,3969883641;1;1255,0999985;"COUPE";4;"M";"B";3
1,1;0,8432580424;1;1050,7999992;"SEDAN";3;"M";"D";4
0,95;0,8678986995;1;3415,7172623;"SEDAN";4;"M";"C";4
1,35;0,7885010267;1;2064,5199966;"STNWG";4;"F";"C";1
1,5;0,4216290212;1;200;"HBACK";1;"M";"C";3
1,65;0,4490075291;1;2144,7599983;"SEDAN";2;"F";"B";1
4,1;0,1095140315;1;1522,25;"STNWG";2;"M";"E";4
2,29;0,8898015058;1;3693,8199997;"STNWG";3;"F";"E";2
2,02;0,1943874059;1;4367,4499969;"HBACK";1;"M";"C";5
1,57;0,8788501027;1;2582,8099976;"HBACK";2;"F";"D";5
5,24;0,0711841205;1;1506,5399971;"COUPE";1;"M";"A";2
1,86;0,1943874059;1;390;"SEDAN";2;"M";"E";3
0,98;0,8432580424;1;200;"SEDAN";3;"F";"B";4
0,75;0,8788501027;1;200;"SEDAN";4;"M";"C";3
1,15;0,5256673511;1;6009,4499817;"HBACK";3;"F";"B";2
1,39;0,8761122519;1;477;"HBACK";2;"F";"B";2
1,45;0,4681724846;2;9511,0899811;"HBACK";3;"F";"A";2
1,06;0,8788501027;1;967,03999901;"PANVN";3;"F";"A";4
0,76;0,7857631759;1;200;"HBACK";3;"F";"E";4
1,04;0,4517453799;1;582,5199995;"SEDAN";3;"F";"E";3
1,36;0,7501711157;1;641,94999981;"HBACK";2;"F";"C";6
1,1;0,0054757016;1;200;"HBACK";2;"F";"B";2
1,84;0,3915126626;1;19348,529968;"HBACK";1;"M";"E";6
0,99;0,8761122519;1;2029,7799988;"SEDAN";3;"F";"D";3
0,8;0,1916495551;1;728,64999962;"HBACK";3;"F";"D";3
1,25;0,501026694;1;3337,5899963;"SEDAN";4;"F";"A";3
1,55;0,4982888433;1;2588,8999939;"COUPE";3;"F";"A";2
1,81;0,7830253251;2;7474,3699341;"SEDAN";2;"M";"C";2
3,54;0,1067761807;1;1081,1899986;"STNWG";2;"M";"B";5
0,71;0,6461327858;1;200,01999664;"UTE";4;"M";"B";4
0,96;0,1067761807;1;200;"SEDAN";3;"M";"A";3
0,54;0,2491444216;1;1028,7399998;"HBACK";4;"F";"A";4
1,58;0,7501711157;1;1174,2799988;"STNWG";3;"M";"C";2
1,65;0,1615331964;1;200;"HBACK";3;"F";"A";2
1,74;0,8405201916;1;462,30000305;"SEDAN";2;"F";"C";4
1,98;0,5804243669;1;9163,2799988;"HBACK";2;"F";"C";6
2,49;0,8761122519;1;3577,7399979;"STNWG";3;"F";"E";3
1,98;0,7529089665;1;200;"HBACK";2;"F";"C";1
1,6;0,0930869268;1;13263,179993;"SEDAN";4;"F";"A";6
1,26;0,9993155373;1;1426;"HBACK";2;"F";"C";6
1,97;0,6324435318;1;442;"STNWG";4;"M";"B";4
1,21;0,9691991786;1;903,90999985;"HBACK";2;"M";"A";6
0,3;0,3696098563;1;200;"SEDAN";4;"F";"C";5
0,61;0,4490075291;1;587,64999962;"PANVN";4;"F";"B";2
0,3;0,3668720055;1;1872,8099976;"SEDAN";4;"F";"B";4
1,45;0,6269678302;1;1354,4899979;"SEDAN";3;"M";"B";5
4,32;0,1587953457;1;2031,5499992;"STNWG";2;"M";"D";1
3,26;0,4298425736;1;353,76999998;"UTE";2;"M";"D";5
1,81;0,8405201916;1;1599,5199966;"SEDAN";2;"F";"C";6
2,66;0,5694729637;1;390;"STNWG";3;"F";"D";4
1,57;0,8596851472;2;400;"SEDAN";2;"F";"A";2
0,79;0,5694729637;1;200;"HBACK";3;"F";"A";3
1,47;0,3696098563;1;430,55999994;"HBACK";2;"F";"B";4
1,98;0,8761122519;1;1731,1699982;"SEDAN";2;"F";"B";5
1,85;0,1587953457;1;353,76999998;"SEDAN";2;"F";"C";2
1,82;0,6242299795;1;367,5;"SEDAN";2;"M";"D";5
1,16;0,4791238877;1;7205,9099731;"SEDAN";3;"F";"E";4
1,03;0,5201916495;1;587,40999985;"HBACK";2;"F";"C";2
4,5;0,7802874743;1;1331,8199997;"TRUCK";1;"F";"B";2
1,46;0,2683093771;1;630,47999954;"SEDAN";3;"F";"B";3
2,7;0,7775496235;1;260;"STNWG";2;"F";"A";2
1,05;0,7802874743;1;633,3399992;"SEDAN";3;"M";"B";4
0,78;0,3668720055;2;6407,8899803;"HBACK";4;"M";"A";4
0,72;0,7036276523;3;2677,6636353;"HBACK";4;"M";"A";1
1,56;0,9993155373;1;1800,5199966;"SEDAN";1;"M";"B";2
1,47;0,5420944559;2;8458,5399857;"HBACK";2;"F";"C";4
0,95;0,7775496235;1;389,94999981;"HBACK";3;"F";"F";1
4,69;0,5420944559;1;753,76999855;"STNWG";1;"M";"E";3
2,17;0,4462696783;1;5853,7399902;"SEDAN";1;"M";"A";4
2,64;0,4462696783;1;1075,0099983;"STNWG";3;"M";"E";4
2,11;0,4900752909;1;7357,5099945;"SEDAN";2;"M";"C";1
1,23;0,4188911704;1;345;"HBACK";2;"F";"A";2
1,14;0,4900752909;1;6423,5699921;"SEDAN";3;"F";"C";2
1,93;0,8350444901;1;389,94999981;"STNWG";4;"M";"F";4
4,84;0,2518822724;1;1300,3799973;"STNWG";1;"F";"D";3
1,88;0,3641341547;1;353,76999998;"UTE";1;"F";"E";3
1,35;0,3641341547;1;9921,1299438;"STNWG";4;"M";"C";2
4,66;0,3641341547;1;200;"STNWG";1;"M";"A";3
0,99;0,5119780972;1;200;"HBACK";3;"F";"D";3
1,06;0,3039014374;1;1191,6399994;"SEDAN";3;"M";"A";2
2,1;0,8596851472;1;200;"STNWG";4;"M";"D";2
1,6835;0,9993155373;1;712,93999863;"HBACK";1;"F";"C";4
3,43;0,8596851472;1;200;"STNWG";3;"M";"C";4
1,87;0,1396303901;1;200;"HBACK";3;"F";"B";3
1,77;0,4435318275;1;1545,9499969;"SEDAN";1;"F";"E";2
4,04;0,8596851472;2;8235,6299934;"STNWG";2;"M";"A";1
0,53;0,5859000684;1;200;"HBACK";4;"F";"A";6
2,79;0,4435318275;1;816,6799984;"STNWG";3;"F";"C";2
2,66;0,8678986995;1;3108,8399963;"STNWG";2;"M";"D";5
2,61;0,5393566051;1;848,53999901;"SEDAN";1;"M";"A";4
1,28;0,9993155373;1;2633,5399933;"STNWG";4;"M";"F";3
2,39;0,4873374401;1;914;"SEDAN";4;"M";"B";4
2,65;0,8377823409;1;200;"STNWG";3;"F";"A";3
1,79;0,4873374401;1;200;"SEDAN";2;"M";"C";2
0,99;0,8323066393;1;731,81999969;"SEDAN";3;"F";"A";5
2,099;0,3258042437;1;1725,4572258;"SEDAN";1;"M";"B";4
0,5;0,3613963039;1;200;"SEDAN";4;"F";"B";4
1,61;0,3613963039;1;200;"HBACK";2;"F";"C";5
0,31;0,0219028063;1;2717,3499908;"SEDAN";4;"M";"C";5
0,97;0,4435318275;1;1170,5899982;"SEDAN";3;"F";"B";2
1,73;0,8405201916;1;200;"HBACK";2;"F";"A";3
0,48;0,8678986995;1;728,16999817;"HBACK";4;"F";"C";1
1,57;0,4873374401;1;2117,9299965;"SEDAN";3;"F";"F";3
3,68;0,9582477755;1;916,08999634;"STNWG";1;"F";"A";2
1,4;0,4435318275;1;531,19999981;"UTE";3;"M";"E";4
1,61;0,4599589322;1;11138,429993;"SEDAN";3;"F";"C";4
1,33;0,8213552361;1;2680,6899948;"SEDAN";3;"F";"E";1
3,34;0,4435318275;1;353,79999971;"MCARA";3;"M";"D";4
1,36;0,59137577;1;9053,8899841;"HBACK";2;"F";"C";6
1,4;0,8569472964;1;1219,1299992;"SEDAN";3;"F";"B";5
0,38;0,8569472964;1;390;"SEDAN";4;"M";"A";6
1,749;0,9993155373;1;704,52999878;"HBACK";1;"F";"A";4
1,19;0,8569472964;1;1778,7999992;"HBACK";2;"M";"A";4
3,23;0,8569472964;1;1366,7299995;"STNWG";3;"M";"E";3
2,35;0,9993155373;1;298,3499999;"SEDAN";2;"M";"C";3
2,33;0,605065024;1;4588,0899963;"STNWG";2;"F";"B";2
0,51;0,4325804244;1;4282,5399933;"HBACK";4;"F";"B";1
1,23;0,295687885;1;18122,359985;"HBACK";2;"F";"D";2
1,79;0,3997262149;1;552,52999878;"UTE";2;"F";"C";4
2,299;0,8405201916;2;1157,8499999;"SEDAN";1;"F";"F";4
2,105;0,4407939767;1;7709,7399902;"UTE";1;"M";"B";1
3,35;0,8377823409;2;1511,9799991;"STNWG";2;"M";"B";3
1,87;0,8651608487;1;279,98999786;"SEDAN";2;"F";"A";3
0,83;0,6324435318;1;200;"SEDAN";3;"F";"A";2
1,22;0,0301163587;1;721,14999962;"SEDAN";3;"F";"B";5
3,52;0,4818617385;1;1852,7799988;"STNWG";2;"M";"A";4
1,96;0,8651608487;1;2745;"STNWG";3;"F";"A";1
1,68;0,5338809035;1;3938,859993;"STNWG";3;"M";"B";4
0,84;0,8213552361;2;797,51999998;"HBACK";3;"F";"B";3
4,64;0,4982888433;1;353,76999998;"STNWG";3;"M";"C";5
2,99;0,3942505133;1;367,72999954;"STNWG";3;"M";"D";2
1,549;0,9993155373;1;2089,8999977;"HBACK";1;"F";"B";4
0,68;0,2737850787;1;200;"STNWG";4;"F";"A";4
1,12;0,1067761807;1;200;"HBACK";3;"F";"F";3
1,78;0,8651608487;1;385,13818169;"HBACK";2;"F";"C";6
2,28;0,7611225188;1;331,81999969;"HBACK";2;"F";"C";4
1,43;0,8213552361;1;369,14999962;"HBACK";2;"F";"B";1
1,24;0,8624229979;1;399,53999996;"SEDAN";3;"F";"D";4
3,38;0,1259411362;1;369,17999983;"HDTOP";2;"M";"C";1
2,29;0,34770705;1;755,38999939;"SEDAN";1;"F";"D";4
0,47;0,4818617385;1;200;"SEDAN";4;"M";"A";1
1,33;0,605065024;1;797,13999939;"SEDAN";3;"F";"C";5
1,28;0,4818617385;1;1392,7899971;"HBACK";2;"F";"E";3
2,53;0,5639972621;1;200;"SEDAN";1;"M";"C";6
0,44;0,5612594114;1;200;"SEDAN";4;"F";"A";5
3,71;0,7364818617;1;392,54999924;"STNWG";3;"F";"C";3
1,07;0,0739219713;1;451;"STNWG";4;"M";"E";5
0,71;0,386036961;1;1975,8999977;"SEDAN";4;"M";"C";4
1,349;0,8405201916;2;886,09999418;"HBACK";1;"M";"C";5
1,39;0,5639972621;1;1856,9199982;"COUPE";3;"F";"A";3
2,37;0,5612594114;1;200;"HDTOP";2;"F";"C";2
1,76;0,4845995893;1;200;"SEDAN";1;"M";"C";1
1,95;0,9555099247;1;6675,5799866;"UTE";3;"F";"D";5
2,59;0,5065023956;1;200;"SEDAN";3;"M";"A";5
1,88;0,5612594114;1;792,62999916;"HBACK";1;"M";"B";4
1,71;0,0301163587;1;14198,629974;"HBACK";2;"F";"E";6
1,45;0,9555099247;1;1506,7599983;"HBACK";3;"M";"A";4
1,96;0,6023271732;1;338,63999987;"STNWG";2;"M";"C";6
0,84;0,6023271732;1;200;"HBACK";3;"F";"C";3
1,26;0,4188911704;1;602,00999928;"STNWG";3;"M";"C";4
0,4;0,5338809035;1;631,81999969;"SEDAN";4;"F";"D";6
4,07;0,8980150582;2;1513,0899954;"STNWG";2;"M";"C";3
1,6;0,5941136208;1;1054;"SEDAN";3;"M";"A";5
3,56;0,8514715948;1;3608,0799942;"STNWG";3;"M";"F";4
1,77;0,8980150582;1;3047,1399994;"STNWG";4;"F";"F";3
1,93;0,900752909;1;2733,8499908;"HDTOP";4;"F";"D";3
1,96;0,2245037645;1;13504,309937;"MIBUS";4;"F";"C";1
4,03;0,1040383299;1;3180,9736328;"STNWG";2;"M";"C";5
0,44;0,8952772074;1;467,22999954;"HBACK";4;"F";"B";3
1,15;0,5338809035;1;2090,9499969;"SEDAN";3;"F";"A";3
2,15;0,900752909;1;200;"STNWG";2;"F";"C";2
1,42;0,4818617385;1;274,54999995;"HBACK";1;"F";"A";4
2,76;0,6351813826;1;1623,1199989;"STNWG";1;"F";"C";3
0,54;0,9993155373;1;970,59999847;"HBACK";4;"F";"B";4
1,31;0,8624229979;1;2512,6399994;"SEDAN";2;"M";"B";4
2,52;0,2902121834;1;640,89999962;"SEDAN";1;"M";"A";6
1,81;0,7665982204;1;389,94999981;"STNWG";4;"M";"E";2
5,03;0,8432580424;1;480;"STNWG";1;"M";"E";5
1,84;0,1752224504;1;8078,0499878;"HBACK";2;"F";"C";1
4,23;0,4818617385;1;389,94999981;"STNWG";2;"F";"D";2
1,68;0,848733744;1;1863,6899986;"STNWG";3;"M";"A";3
1,37;0,8268309377;1;2618,25;"STNWG";4;"M";"A";3
0,87;0,4216290212;1;2899,1500015;"HBACK";4;"F";"C";3
2,06;0,848733744;1;698,39999962;"STNWG";4;"F";"C";2
3,97;0,5585215606;1;2588,5099945;"STNWG";2;"M";"D";5
0,91;0,5585215606;1;3792,4499969;"HBACK";3;"M";"A";4
1,15;0,5585215606;1;200;"SEDAN";3;"M";"C";3
1,45;0,9993155373;1;345;"TRUCK";4;"M";"B";2
1,71;0,5174537988;1;369,14999962;"SEDAN";4;"F";"C";4
1,05;0,295687885;1;419,82000732;"HBACK";4;"M";"C";4
1,76;0,4818617385;1;699,03999996;"SEDAN";2;"M";"C";2
1,97;0,1724845996;1;200;"STNWG";4;"M";"A";2
1,87;0,4818617385;1;1716,6799965;"SEDAN";1;"F";"C";2
0,65;0,2600958248;1;558,14999962;"SEDAN";4;"F";"A";3
1,28;0,5229295003;1;369,14999962;"HBACK";2;"F";"A";3
1,64;0,1533196441;1;14696,909973;"SEDAN";3;"M";"C";3
0,88;0,5311430527;1;200;"SEDAN";3;"M";"B";6
1,26;0,476386037;1;367,72999954;"HBACK";2;"M";"C";2
5,49;0,5968514716;1;1497,6499977;"SEDAN";3;"F";"B";5
0,95;0,8542094456;1;5912,9099884;"SEDAN";4;"F";"A";6
1,06;0,1505817933;1;200;"HBACK";4;"F";"C";2
1,25;0,5311430527;1;2684,8999939;"STNWG";4;"F";"E";2
0,95;0,848733744;1;986,14999962;"SEDAN";4;"M";"A";6
5,02;0,8542094456;1;2643,6999969;"STNWG";2;"M";"E";1
1,34;0,5557837098;1;953,84999847;"SEDAN";3;"M";"B";6
3,26;0,4435318275;1;290,90999913;"UTE";2;"M";"B";5
1,84;0,9500342231;1;1219,7199993;"HBACK";1;"F";"C";5
1,16;0,5557837098;1;1445,1799965;"SEDAN";3;"F";"B";5
2,38;0,6872005476;1;484;"SEDAN";2;"F";"E";5
2,67;0,8514715948;1;200;"STNWG";2;"F";"A";4
0,54;0,0574948665;1;2207,329998;"SEDAN";4;"F";"C";4
1,26;0,9993155373;1;200;"HBACK";2;"F";"C";5
0,73;0,0821355236;1;3489,539978;"SEDAN";4;"F";"C";4
0,7;0,6406570842;1;1940,5399971;"UTE";4;"M";"B";1
1,51;0,1505817933;1;587,15999985;"MIBUS";4;"F";"B";2
1,21;0,848733744;1;849,08999825;"UTE";4;"F";"D";5
0,5;0,8542094456;1;1247,1499977;"HBACK";4;"F";"B";2
0,81;0,605065024;1;2583,5799942;"HBACK";3;"M";"D";4
2,51;0,8459958932;1;353,79999971;"STNWG";3;"M";"B";3
1,58;0,8542094456;1;200;"HBACK";3;"F";"C";5
2,2;0,8542094456;4;6521,5499949;"STNWG";3;"F";"B";3
0,37;0,5284052019;2;1492,0999985;"SEDAN";4;"M";"A";4
4,66;0,3586584531;1;691,79999924;"STNWG";1;"F";"E";5
4,27;0,8514715948;1;849,29999924;"STNWG";2;"M";"B";5
1;0,2245037645;1;5415,3799896;"HBACK";3;"F";"C";3
2,02;0,8596851472;1;3723,6363602;"HDTOP";3;"M";"F";3
1,15;0,2299794661;1;20657,129944;"STNWG";4;"M";"E";2
4,49;0,3750855578;1;558,89999962;"STNWG";1;"M";"C";5
0,92;0,7446954141;1;353,76999998;"HBACK";3;"F";"A";4
0,92;0,5941136208;1;1013,8399963;"HBACK";3;"F";"A";4
