<?xml version="1.0" encoding="UTF-8" standalone="yes"?>
<template encoding-version="1.3">
    <description></description>
    <groupId>01871016-10b7-1ea0-8830-22c91d14b0f5</groupId>
    <name>template_nifi_bitcoin</name>
    <snippet>
        <connections>
            <id>057ae168-f846-3d01-0000-000000000000</id>
            <parentGroupId>18546371-51f9-3135-0000-000000000000</parentGroupId>
            <backPressureDataSizeThreshold>1 GB</backPressureDataSizeThreshold>
            <backPressureObjectThreshold>10000</backPressureObjectThreshold>
            <destination>
                <groupId>18546371-51f9-3135-0000-000000000000</groupId>
                <id>eed79291-29d2-3e6f-0000-000000000000</id>
                <type>PROCESSOR</type>
            </destination>
            <flowFileExpiration>0 sec</flowFileExpiration>
            <labelIndex>1</labelIndex>
            <loadBalanceCompression>DO_NOT_COMPRESS</loadBalanceCompression>
            <loadBalancePartitionAttribute></loadBalancePartitionAttribute>
            <loadBalanceStatus>LOAD_BALANCE_NOT_CONFIGURED</loadBalanceStatus>
            <loadBalanceStrategy>DO_NOT_LOAD_BALANCE</loadBalanceStrategy>
            <name></name>
            <selectedRelationships>success</selectedRelationships>
            <source>
                <groupId>18546371-51f9-3135-0000-000000000000</groupId>
                <id>46c85e46-1501-36f1-0000-000000000000</id>
                <type>PROCESSOR</type>
            </source>
            <zIndex>0</zIndex>
        </connections>
        <connections>
            <id>633825d9-ec8d-3b37-0000-000000000000</id>
            <parentGroupId>18546371-51f9-3135-0000-000000000000</parentGroupId>
            <backPressureDataSizeThreshold>1 GB</backPressureDataSizeThreshold>
            <backPressureObjectThreshold>10000</backPressureObjectThreshold>
            <destination>
                <groupId>18546371-51f9-3135-0000-000000000000</groupId>
                <id>7d9ed00b-542b-37c1-0000-000000000000</id>
                <type>PROCESSOR</type>
            </destination>
            <flowFileExpiration>0 sec</flowFileExpiration>
            <labelIndex>1</labelIndex>
            <loadBalanceCompression>DO_NOT_COMPRESS</loadBalanceCompression>
            <loadBalancePartitionAttribute></loadBalancePartitionAttribute>
            <loadBalanceStatus>LOAD_BALANCE_NOT_CONFIGURED</loadBalanceStatus>
            <loadBalanceStrategy>DO_NOT_LOAD_BALANCE</loadBalanceStrategy>
            <name></name>
            <selectedRelationships>matched</selectedRelationships>
            <source>
                <groupId>18546371-51f9-3135-0000-000000000000</groupId>
                <id>8d49023b-41a9-3348-0000-000000000000</id>
                <type>PROCESSOR</type>
            </source>
            <zIndex>0</zIndex>
        </connections>
        <connections>
            <id>74844a3d-d65e-3634-0000-000000000000</id>
            <parentGroupId>18546371-51f9-3135-0000-000000000000</parentGroupId>
            <backPressureDataSizeThreshold>1 GB</backPressureDataSizeThreshold>
            <backPressureObjectThreshold>10000</backPressureObjectThreshold>
            <destination>
                <groupId>18546371-51f9-3135-0000-000000000000</groupId>
                <id>ce87e136-9df7-3f43-0000-000000000000</id>
                <type>PROCESSOR</type>
            </destination>
            <flowFileExpiration>0 sec</flowFileExpiration>
            <labelIndex>1</labelIndex>
            <loadBalanceCompression>DO_NOT_COMPRESS</loadBalanceCompression>
            <loadBalancePartitionAttribute></loadBalancePartitionAttribute>
            <loadBalanceStatus>LOAD_BALANCE_NOT_CONFIGURED</loadBalanceStatus>
            <loadBalanceStrategy>DO_NOT_LOAD_BALANCE</loadBalanceStrategy>
            <name></name>
            <selectedRelationships>success</selectedRelationships>
            <source>
                <groupId>18546371-51f9-3135-0000-000000000000</groupId>
                <id>7d9ed00b-542b-37c1-0000-000000000000</id>
                <type>PROCESSOR</type>
            </source>
            <zIndex>0</zIndex>
        </connections>
        <connections>
            <id>91b9bd7a-a922-3ac3-0000-000000000000</id>
            <parentGroupId>18546371-51f9-3135-0000-000000000000</parentGroupId>
            <backPressureDataSizeThreshold>1 GB</backPressureDataSizeThreshold>
            <backPressureObjectThreshold>10000</backPressureObjectThreshold>
            <destination>
                <groupId>18546371-51f9-3135-0000-000000000000</groupId>
                <id>46c85e46-1501-36f1-0000-000000000000</id>
                <type>PROCESSOR</type>
            </destination>
            <flowFileExpiration>0 sec</flowFileExpiration>
            <labelIndex>1</labelIndex>
            <loadBalanceCompression>DO_NOT_COMPRESS</loadBalanceCompression>
            <loadBalancePartitionAttribute></loadBalancePartitionAttribute>
            <loadBalanceStatus>LOAD_BALANCE_NOT_CONFIGURED</loadBalanceStatus>
            <loadBalanceStrategy>DO_NOT_LOAD_BALANCE</loadBalanceStrategy>
            <name></name>
            <selectedRelationships>Response</selectedRelationships>
            <source>
                <groupId>18546371-51f9-3135-0000-000000000000</groupId>
                <id>51da2bda-a597-3ad7-0000-000000000000</id>
                <type>PROCESSOR</type>
            </source>
            <zIndex>0</zIndex>
        </connections>
        <connections>
            <id>cf0bec24-2c1c-343e-0000-000000000000</id>
            <parentGroupId>18546371-51f9-3135-0000-000000000000</parentGroupId>
            <backPressureDataSizeThreshold>1 GB</backPressureDataSizeThreshold>
            <backPressureObjectThreshold>10000</backPressureObjectThreshold>
            <bends>
                <x>1718.278076171875</x>
                <y>508.6414794921875</y>
            </bends>
            <bends>
                <x>1718.278076171875</x>
                <y>558.6414794921875</y>
            </bends>
            <destination>
                <groupId>18546371-51f9-3135-0000-000000000000</groupId>
                <id>ce87e136-9df7-3f43-0000-000000000000</id>
                <type>PROCESSOR</type>
            </destination>
            <flowFileExpiration>0 sec</flowFileExpiration>
            <labelIndex>1</labelIndex>
            <loadBalanceCompression>DO_NOT_COMPRESS</loadBalanceCompression>
            <loadBalancePartitionAttribute></loadBalancePartitionAttribute>
            <loadBalanceStatus>LOAD_BALANCE_NOT_CONFIGURED</loadBalanceStatus>
            <loadBalanceStrategy>DO_NOT_LOAD_BALANCE</loadBalanceStrategy>
            <name></name>
            <selectedRelationships>failure</selectedRelationships>
            <selectedRelationships>retry</selectedRelationships>
            <source>
                <groupId>18546371-51f9-3135-0000-000000000000</groupId>
                <id>ce87e136-9df7-3f43-0000-000000000000</id>
                <type>PROCESSOR</type>
            </source>
            <zIndex>0</zIndex>
        </connections>
        <connections>
            <id>ed0f24f9-a154-3fc1-0000-000000000000</id>
            <parentGroupId>18546371-51f9-3135-0000-000000000000</parentGroupId>
            <backPressureDataSizeThreshold>1 GB</backPressureDataSizeThreshold>
            <backPressureObjectThreshold>10000</backPressureObjectThreshold>
            <destination>
                <groupId>18546371-51f9-3135-0000-000000000000</groupId>
                <id>8d49023b-41a9-3348-0000-000000000000</id>
                <type>PROCESSOR</type>
            </destination>
            <flowFileExpiration>0 sec</flowFileExpiration>
            <labelIndex>1</labelIndex>
            <loadBalanceCompression>DO_NOT_COMPRESS</loadBalanceCompression>
            <loadBalancePartitionAttribute></loadBalancePartitionAttribute>
            <loadBalanceStatus>LOAD_BALANCE_NOT_CONFIGURED</loadBalanceStatus>
            <loadBalanceStrategy>DO_NOT_LOAD_BALANCE</loadBalanceStrategy>
            <name></name>
            <selectedRelationships>success</selectedRelationships>
            <source>
                <groupId>18546371-51f9-3135-0000-000000000000</groupId>
                <id>46c85e46-1501-36f1-0000-000000000000</id>
                <type>PROCESSOR</type>
            </source>
            <zIndex>0</zIndex>
        </connections>
        <controllerServices>
            <id>42c84fe9-7bba-3ad3-0000-000000000000</id>
            <parentGroupId>18546371-51f9-3135-0000-000000000000</parentGroupId>
            <bundle>
                <artifact>nifi-dbcp-service-nar</artifact>
                <group>org.apache.nifi</group>
                <version>1.11.3</version>
            </bundle>
            <comments></comments>
            <descriptors>
                <entry>
                    <key>Database Connection URL</key>
                    <value>
                        <name>Database Connection URL</name>
                    </value>
                </entry>
                <entry>
                    <key>Database Driver Class Name</key>
                    <value>
                        <name>Database Driver Class Name</name>
                    </value>
                </entry>
                <entry>
                    <key>database-driver-locations</key>
                    <value>
                        <name>database-driver-locations</name>
                    </value>
                </entry>
                <entry>
                    <key>kerberos-credentials-service</key>
                    <value>
                        <identifiesControllerService>org.apache.nifi.kerberos.KerberosCredentialsService</identifiesControllerService>
                        <name>kerberos-credentials-service</name>
                    </value>
                </entry>
                <entry>
                    <key>Database User</key>
                    <value>
                        <name>Database User</name>
                    </value>
                </entry>
                <entry>
                    <key>Password</key>
                    <value>
                        <name>Password</name>
                    </value>
                </entry>
                <entry>
                    <key>Max Wait Time</key>
                    <value>
                        <name>Max Wait Time</name>
                    </value>
                </entry>
                <entry>
                    <key>Max Total Connections</key>
                    <value>
                        <name>Max Total Connections</name>
                    </value>
                </entry>
                <entry>
                    <key>Validation-query</key>
                    <value>
                        <name>Validation-query</name>
                    </value>
                </entry>
                <entry>
                    <key>dbcp-min-idle-conns</key>
                    <value>
                        <name>dbcp-min-idle-conns</name>
                    </value>
                </entry>
                <entry>
                    <key>dbcp-max-idle-conns</key>
                    <value>
                        <name>dbcp-max-idle-conns</name>
                    </value>
                </entry>
                <entry>
                    <key>dbcp-max-conn-lifetime</key>
                    <value>
                        <name>dbcp-max-conn-lifetime</name>
                    </value>
                </entry>
                <entry>
                    <key>dbcp-time-between-eviction-runs</key>
                    <value>
                        <name>dbcp-time-between-eviction-runs</name>
                    </value>
                </entry>
                <entry>
                    <key>dbcp-min-evictable-idle-time</key>
                    <value>
                        <name>dbcp-min-evictable-idle-time</name>
                    </value>
                </entry>
                <entry>
                    <key>dbcp-soft-min-evictable-idle-time</key>
                    <value>
                        <name>dbcp-soft-min-evictable-idle-time</name>
                    </value>
                </entry>
            </descriptors>
            <name>DBCPConnectionPool</name>
            <persistsState>false</persistsState>
            <properties>
                <entry>
                    <key>Database Connection URL</key>
                    <value>jdbc:mysql://172.18.0.3:3306/dbAula</value>
                </entry>
                <entry>
                    <key>Database Driver Class Name</key>
                    <value>com.mysql.cj.jdbc.Driver</value>
                </entry>
                <entry>
                    <key>database-driver-locations</key>
                    <value>/opt/nifi/nifi-current/lib</value>
                </entry>
                <entry>
                    <key>kerberos-credentials-service</key>
                </entry>
                <entry>
                    <key>Database User</key>
                    <value>root</value>
                </entry>
                <entry>
                    <key>Password</key>
                </entry>
                <entry>
                    <key>Max Wait Time</key>
                </entry>
                <entry>
                    <key>Max Total Connections</key>
                </entry>
                <entry>
                    <key>Validation-query</key>
                </entry>
                <entry>
                    <key>dbcp-min-idle-conns</key>
                </entry>
                <entry>
                    <key>dbcp-max-idle-conns</key>
                </entry>
                <entry>
                    <key>dbcp-max-conn-lifetime</key>
                </entry>
                <entry>
                    <key>dbcp-time-between-eviction-runs</key>
                </entry>
                <entry>
                    <key>dbcp-min-evictable-idle-time</key>
                </entry>
                <entry>
                    <key>dbcp-soft-min-evictable-idle-time</key>
                </entry>
            </properties>
            <state>ENABLED</state>
            <type>org.apache.nifi.dbcp.DBCPConnectionPool</type>
        </controllerServices>
        <controllerServices>
            <id>64a88a04-d169-3cdc-0000-000000000000</id>
            <parentGroupId>18546371-51f9-3135-0000-000000000000</parentGroupId>
            <bundle>
                <artifact>nifi-record-serialization-services-nar</artifact>
                <group>org.apache.nifi</group>
                <version>1.11.3</version>
            </bundle>
            <comments></comments>
            <descriptors>
                <entry>
                    <key>schema-access-strategy</key>
                    <value>
                        <name>schema-access-strategy</name>
                    </value>
                </entry>
                <entry>
                    <key>schema-registry</key>
                    <value>
                        <identifiesControllerService>org.apache.nifi.schemaregistry.services.SchemaRegistry</identifiesControllerService>
                        <name>schema-registry</name>
                    </value>
                </entry>
                <entry>
                    <key>schema-name</key>
                    <value>
                        <name>schema-name</name>
                    </value>
                </entry>
                <entry>
                    <key>schema-version</key>
                    <value>
                        <name>schema-version</name>
                    </value>
                </entry>
                <entry>
                    <key>schema-branch</key>
                    <value>
                        <name>schema-branch</name>
                    </value>
                </entry>
                <entry>
                    <key>schema-text</key>
                    <value>
                        <name>schema-text</name>
                    </value>
                </entry>
                <entry>
                    <key>schema-inference-cache</key>
                    <value>
                        <identifiesControllerService>org.apache.nifi.serialization.RecordSchemaCacheService</identifiesControllerService>
                        <name>schema-inference-cache</name>
                    </value>
                </entry>
                <entry>
                    <key>Date Format</key>
                    <value>
                        <name>Date Format</name>
                    </value>
                </entry>
                <entry>
                    <key>Time Format</key>
                    <value>
                        <name>Time Format</name>
                    </value>
                </entry>
                <entry>
                    <key>Timestamp Format</key>
                    <value>
                        <name>Timestamp Format</name>
                    </value>
                </entry>
            </descriptors>
            <name>JsonTreeReader</name>
            <persistsState>false</persistsState>
            <properties>
                <entry>
                    <key>schema-access-strategy</key>
                    <value>infer-schema</value>
                </entry>
                <entry>
                    <key>schema-registry</key>
                </entry>
                <entry>
                    <key>schema-name</key>
                    <value>${schema.name}</value>
                </entry>
                <entry>
                    <key>schema-version</key>
                </entry>
                <entry>
                    <key>schema-branch</key>
                </entry>
                <entry>
                    <key>schema-text</key>
                    <value>${avro.schema}</value>
                </entry>
                <entry>
                    <key>schema-inference-cache</key>
                </entry>
                <entry>
                    <key>Date Format</key>
                </entry>
                <entry>
                    <key>Time Format</key>
                </entry>
                <entry>
                    <key>Timestamp Format</key>
                </entry>
            </properties>
            <state>ENABLED</state>
            <type>org.apache.nifi.json.JsonTreeReader</type>
        </controllerServices>
        <processors>
            <id>46c85e46-1501-36f1-0000-000000000000</id>
            <parentGroupId>18546371-51f9-3135-0000-000000000000</parentGroupId>
            <position>
                <x>608.0</x>
                <y>8.0</y>
            </position>
            <bundle>
                <artifact>nifi-update-attribute-nar</artifact>
                <group>org.apache.nifi</group>
                <version>1.11.3</version>
            </bundle>
            <config>
                <bulletinLevel>WARN</bulletinLevel>
                <comments></comments>
                <concurrentlySchedulableTaskCount>1</concurrentlySchedulableTaskCount>
                <descriptors>
                    <entry>
                        <key>Delete Attributes Expression</key>
                        <value>
                            <name>Delete Attributes Expression</name>
                        </value>
                    </entry>
                    <entry>
                        <key>Store State</key>
                        <value>
                            <name>Store State</name>
                        </value>
                    </entry>
                    <entry>
                        <key>Stateful Variables Initial Value</key>
                        <value>
                            <name>Stateful Variables Initial Value</name>
                        </value>
                    </entry>
                    <entry>
                        <key>canonical-value-lookup-cache-size</key>
                        <value>
                            <name>canonical-value-lookup-cache-size</name>
                        </value>
                    </entry>
                    <entry>
                        <key>Content-Type</key>
                        <value>
                            <name>Content-Type</name>
                        </value>
                    </entry>
                    <entry>
                        <key>mime.type</key>
                        <value>
                            <name>mime.type</name>
                        </value>
                    </entry>
                </descriptors>
                <executionNode>ALL</executionNode>
                <lossTolerant>false</lossTolerant>
                <penaltyDuration>30 sec</penaltyDuration>
                <properties>
                    <entry>
                        <key>Delete Attributes Expression</key>
                    </entry>
                    <entry>
                        <key>Store State</key>
                        <value>Do not store state</value>
                    </entry>
                    <entry>
                        <key>Stateful Variables Initial Value</key>
                    </entry>
                    <entry>
                        <key>canonical-value-lookup-cache-size</key>
                        <value>100</value>
                    </entry>
                    <entry>
                        <key>Content-Type</key>
                        <value>application/json</value>
                    </entry>
                    <entry>
                        <key>mime.type</key>
                        <value>application/json</value>
                    </entry>
                </properties>
                <runDurationMillis>0</runDurationMillis>
                <schedulingPeriod>10 sec</schedulingPeriod>
                <schedulingStrategy>TIMER_DRIVEN</schedulingStrategy>
                <yieldDuration>1 sec</yieldDuration>
            </config>
            <executionNodeRestricted>false</executionNodeRestricted>
            <name>UpdateAttribute</name>
            <relationships>
                <autoTerminate>false</autoTerminate>
                <name>success</name>
            </relationships>
            <state>RUNNING</state>
            <style/>
            <type>org.apache.nifi.processors.attributes.UpdateAttribute</type>
        </processors>
        <processors>
            <id>51da2bda-a597-3ad7-0000-000000000000</id>
            <parentGroupId>18546371-51f9-3135-0000-000000000000</parentGroupId>
            <position>
                <x>0.0</x>
                <y>0.0</y>
            </position>
            <bundle>
                <artifact>nifi-standard-nar</artifact>
                <group>org.apache.nifi</group>
                <version>1.11.3</version>
            </bundle>
            <config>
                <bulletinLevel>WARN</bulletinLevel>
                <comments></comments>
                <concurrentlySchedulableTaskCount>1</concurrentlySchedulableTaskCount>
                <descriptors>
                    <entry>
                        <key>HTTP Method</key>
                        <value>
                            <name>HTTP Method</name>
                        </value>
                    </entry>
                    <entry>
                        <key>Remote URL</key>
                        <value>
                            <name>Remote URL</name>
                        </value>
                    </entry>
                    <entry>
                        <key>SSL Context Service</key>
                        <value>
                            <identifiesControllerService>org.apache.nifi.ssl.SSLContextService</identifiesControllerService>
                            <name>SSL Context Service</name>
                        </value>
                    </entry>
                    <entry>
                        <key>Connection Timeout</key>
                        <value>
                            <name>Connection Timeout</name>
                        </value>
                    </entry>
                    <entry>
                        <key>Read Timeout</key>
                        <value>
                            <name>Read Timeout</name>
                        </value>
                    </entry>
                    <entry>
                        <key>Include Date Header</key>
                        <value>
                            <name>Include Date Header</name>
                        </value>
                    </entry>
                    <entry>
                        <key>Follow Redirects</key>
                        <value>
                            <name>Follow Redirects</name>
                        </value>
                    </entry>
                    <entry>
                        <key>Attributes to Send</key>
                        <value>
                            <name>Attributes to Send</name>
                        </value>
                    </entry>
                    <entry>
                        <key>Basic Authentication Username</key>
                        <value>
                            <name>Basic Authentication Username</name>
                        </value>
                    </entry>
                    <entry>
                        <key>Basic Authentication Password</key>
                        <value>
                            <name>Basic Authentication Password</name>
                        </value>
                    </entry>
                    <entry>
                        <key>proxy-configuration-service</key>
                        <value>
                            <identifiesControllerService>org.apache.nifi.proxy.ProxyConfigurationService</identifiesControllerService>
                            <name>proxy-configuration-service</name>
                        </value>
                    </entry>
                    <entry>
                        <key>Proxy Host</key>
                        <value>
                            <name>Proxy Host</name>
                        </value>
                    </entry>
                    <entry>
                        <key>Proxy Port</key>
                        <value>
                            <name>Proxy Port</name>
                        </value>
                    </entry>
                    <entry>
                        <key>Proxy Type</key>
                        <value>
                            <name>Proxy Type</name>
                        </value>
                    </entry>
                    <entry>
                        <key>invokehttp-proxy-user</key>
                        <value>
                            <name>invokehttp-proxy-user</name>
                        </value>
                    </entry>
                    <entry>
                        <key>invokehttp-proxy-password</key>
                        <value>
                            <name>invokehttp-proxy-password</name>
                        </value>
                    </entry>
                    <entry>
                        <key>Put Response Body In Attribute</key>
                        <value>
                            <name>Put Response Body In Attribute</name>
                        </value>
                    </entry>
                    <entry>
                        <key>Max Length To Put In Attribute</key>
                        <value>
                            <name>Max Length To Put In Attribute</name>
                        </value>
                    </entry>
                    <entry>
                        <key>Digest Authentication</key>
                        <value>
                            <name>Digest Authentication</name>
                        </value>
                    </entry>
                    <entry>
                        <key>Always Output Response</key>
                        <value>
                            <name>Always Output Response</name>
                        </value>
                    </entry>
                    <entry>
                        <key>Add Response Headers to Request</key>
                        <value>
                            <name>Add Response Headers to Request</name>
                        </value>
                    </entry>
                    <entry>
                        <key>Content-Type</key>
                        <value>
                            <name>Content-Type</name>
                        </value>
                    </entry>
                    <entry>
                        <key>send-message-body</key>
                        <value>
                            <name>send-message-body</name>
                        </value>
                    </entry>
                    <entry>
                        <key>Use Chunked Encoding</key>
                        <value>
                            <name>Use Chunked Encoding</name>
                        </value>
                    </entry>
                    <entry>
                        <key>Penalize on "No Retry"</key>
                        <value>
                            <name>Penalize on "No Retry"</name>
                        </value>
                    </entry>
                    <entry>
                        <key>use-etag</key>
                        <value>
                            <name>use-etag</name>
                        </value>
                    </entry>
                    <entry>
                        <key>etag-max-cache-size</key>
                        <value>
                            <name>etag-max-cache-size</name>
                        </value>
                    </entry>
                </descriptors>
                <executionNode>ALL</executionNode>
                <lossTolerant>false</lossTolerant>
                <penaltyDuration>30 sec</penaltyDuration>
                <properties>
                    <entry>
                        <key>HTTP Method</key>
                        <value>GET</value>
                    </entry>
                    <entry>
                        <key>Remote URL</key>
                        <value>https://api.coindesk.com/v1/bpi/currentprice.json</value>
                    </entry>
                    <entry>
                        <key>SSL Context Service</key>
                    </entry>
                    <entry>
                        <key>Connection Timeout</key>
                        <value>5 secs</value>
                    </entry>
                    <entry>
                        <key>Read Timeout</key>
                        <value>15 secs</value>
                    </entry>
                    <entry>
                        <key>Include Date Header</key>
                        <value>True</value>
                    </entry>
                    <entry>
                        <key>Follow Redirects</key>
                        <value>True</value>
                    </entry>
                    <entry>
                        <key>Attributes to Send</key>
                    </entry>
                    <entry>
                        <key>Basic Authentication Username</key>
                    </entry>
                    <entry>
                        <key>Basic Authentication Password</key>
                    </entry>
                    <entry>
                        <key>proxy-configuration-service</key>
                    </entry>
                    <entry>
                        <key>Proxy Host</key>
                    </entry>
                    <entry>
                        <key>Proxy Port</key>
                    </entry>
                    <entry>
                        <key>Proxy Type</key>
                        <value>http</value>
                    </entry>
                    <entry>
                        <key>invokehttp-proxy-user</key>
                    </entry>
                    <entry>
                        <key>invokehttp-proxy-password</key>
                    </entry>
                    <entry>
                        <key>Put Response Body In Attribute</key>
                    </entry>
                    <entry>
                        <key>Max Length To Put In Attribute</key>
                        <value>256</value>
                    </entry>
                    <entry>
                        <key>Digest Authentication</key>
                        <value>false</value>
                    </entry>
                    <entry>
                        <key>Always Output Response</key>
                        <value>false</value>
                    </entry>
                    <entry>
                        <key>Add Response Headers to Request</key>
                        <value>false</value>
                    </entry>
                    <entry>
                        <key>Content-Type</key>
                        <value></value>
                    </entry>
                    <entry>
                        <key>send-message-body</key>
                        <value>true</value>
                    </entry>
                    <entry>
                        <key>Use Chunked Encoding</key>
                        <value>false</value>
                    </entry>
                    <entry>
                        <key>Penalize on "No Retry"</key>
                        <value>false</value>
                    </entry>
                    <entry>
                        <key>use-etag</key>
                        <value>false</value>
                    </entry>
                    <entry>
                        <key>etag-max-cache-size</key>
                        <value>10MB</value>
                    </entry>
                </properties>
                <runDurationMillis>0</runDurationMillis>
                <schedulingPeriod>60 sec</schedulingPeriod>
                <schedulingStrategy>TIMER_DRIVEN</schedulingStrategy>
                <yieldDuration>1 sec</yieldDuration>
            </config>
            <executionNodeRestricted>false</executionNodeRestricted>
            <name>InvokeHTTP</name>
            <relationships>
                <autoTerminate>true</autoTerminate>
                <name>Failure</name>
            </relationships>
            <relationships>
                <autoTerminate>true</autoTerminate>
                <name>No Retry</name>
            </relationships>
            <relationships>
                <autoTerminate>true</autoTerminate>
                <name>Original</name>
            </relationships>
            <relationships>
                <autoTerminate>false</autoTerminate>
                <name>Response</name>
            </relationships>
            <relationships>
                <autoTerminate>true</autoTerminate>
                <name>Retry</name>
            </relationships>
            <state>RUNNING</state>
            <style/>
            <type>org.apache.nifi.processors.standard.InvokeHTTP</type>
        </processors>
        <processors>
            <id>7d9ed00b-542b-37c1-0000-000000000000</id>
            <parentGroupId>18546371-51f9-3135-0000-000000000000</parentGroupId>
            <position>
                <x>1248.0</x>
                <y>264.0</y>
            </position>
            <bundle>
                <artifact>nifi-standard-nar</artifact>
                <group>org.apache.nifi</group>
                <version>1.11.3</version>
            </bundle>
            <config>
                <bulletinLevel>WARN</bulletinLevel>
                <comments></comments>
                <concurrentlySchedulableTaskCount>1</concurrentlySchedulableTaskCount>
                <descriptors>
                    <entry>
                        <key>Attributes List</key>
                        <value>
                            <name>Attributes List</name>
                        </value>
                    </entry>
                    <entry>
                        <key>attributes-to-json-regex</key>
                        <value>
                            <name>attributes-to-json-regex</name>
                        </value>
                    </entry>
                    <entry>
                        <key>Destination</key>
                        <value>
                            <name>Destination</name>
                        </value>
                    </entry>
                    <entry>
                        <key>Include Core Attributes</key>
                        <value>
                            <name>Include Core Attributes</name>
                        </value>
                    </entry>
                    <entry>
                        <key>Null Value</key>
                        <value>
                            <name>Null Value</name>
                        </value>
                    </entry>
                </descriptors>
                <executionNode>ALL</executionNode>
                <lossTolerant>false</lossTolerant>
                <penaltyDuration>30 sec</penaltyDuration>
                <properties>
                    <entry>
                        <key>Attributes List</key>
                        <value>data, usd, gbp</value>
                    </entry>
                    <entry>
                        <key>attributes-to-json-regex</key>
                    </entry>
                    <entry>
                        <key>Destination</key>
                        <value>flowfile-content</value>
                    </entry>
                    <entry>
                        <key>Include Core Attributes</key>
                        <value>true</value>
                    </entry>
                    <entry>
                        <key>Null Value</key>
                        <value>false</value>
                    </entry>
                </properties>
                <runDurationMillis>0</runDurationMillis>
                <schedulingPeriod>0 sec</schedulingPeriod>
                <schedulingStrategy>TIMER_DRIVEN</schedulingStrategy>
                <yieldDuration>1 sec</yieldDuration>
            </config>
            <executionNodeRestricted>false</executionNodeRestricted>
            <name>AttributesToJSON</name>
            <relationships>
                <autoTerminate>true</autoTerminate>
                <name>failure</name>
            </relationships>
            <relationships>
                <autoTerminate>false</autoTerminate>
                <name>success</name>
            </relationships>
            <state>RUNNING</state>
            <style/>
            <type>org.apache.nifi.processors.standard.AttributesToJSON</type>
        </processors>
        <processors>
            <id>8d49023b-41a9-3348-0000-000000000000</id>
            <parentGroupId>18546371-51f9-3135-0000-000000000000</parentGroupId>
            <position>
                <x>1248.0</x>
                <y>8.0</y>
            </position>
            <bundle>
                <artifact>nifi-standard-nar</artifact>
                <group>org.apache.nifi</group>
                <version>1.11.3</version>
            </bundle>
            <config>
                <bulletinLevel>WARN</bulletinLevel>
                <comments></comments>
                <concurrentlySchedulableTaskCount>1</concurrentlySchedulableTaskCount>
                <descriptors>
                    <entry>
                        <key>Destination</key>
                        <value>
                            <name>Destination</name>
                        </value>
                    </entry>
                    <entry>
                        <key>Return Type</key>
                        <value>
                            <name>Return Type</name>
                        </value>
                    </entry>
                    <entry>
                        <key>Path Not Found Behavior</key>
                        <value>
                            <name>Path Not Found Behavior</name>
                        </value>
                    </entry>
                    <entry>
                        <key>Null Value Representation</key>
                        <value>
                            <name>Null Value Representation</name>
                        </value>
                    </entry>
                    <entry>
                        <key>data</key>
                        <value>
                            <name>data</name>
                        </value>
                    </entry>
                    <entry>
                        <key>gbp</key>
                        <value>
                            <name>gbp</name>
                        </value>
                    </entry>
                    <entry>
                        <key>usd</key>
                        <value>
                            <name>usd</name>
                        </value>
                    </entry>
                </descriptors>
                <executionNode>ALL</executionNode>
                <lossTolerant>false</lossTolerant>
                <penaltyDuration>30 sec</penaltyDuration>
                <properties>
                    <entry>
                        <key>Destination</key>
                        <value>flowfile-attribute</value>
                    </entry>
                    <entry>
                        <key>Return Type</key>
                        <value>json</value>
                    </entry>
                    <entry>
                        <key>Path Not Found Behavior</key>
                        <value>ignore</value>
                    </entry>
                    <entry>
                        <key>Null Value Representation</key>
                        <value>empty string</value>
                    </entry>
                    <entry>
                        <key>data</key>
                        <value>$.time.updatedISO</value>
                    </entry>
                    <entry>
                        <key>gbp</key>
                        <value>$.bpi.GBP.rate</value>
                    </entry>
                    <entry>
                        <key>usd</key>
                        <value>$.bpi.USD.rate</value>
                    </entry>
                </properties>
                <runDurationMillis>0</runDurationMillis>
                <schedulingPeriod>10 sec</schedulingPeriod>
                <schedulingStrategy>TIMER_DRIVEN</schedulingStrategy>
                <yieldDuration>1 sec</yieldDuration>
            </config>
            <executionNodeRestricted>false</executionNodeRestricted>
            <name>EvaluateJsonPath</name>
            <relationships>
                <autoTerminate>true</autoTerminate>
                <name>failure</name>
            </relationships>
            <relationships>
                <autoTerminate>false</autoTerminate>
                <name>matched</name>
            </relationships>
            <relationships>
                <autoTerminate>true</autoTerminate>
                <name>unmatched</name>
            </relationships>
            <state>RUNNING</state>
            <style/>
            <type>org.apache.nifi.processors.standard.EvaluateJsonPath</type>
        </processors>
        <processors>
            <id>ce87e136-9df7-3f43-0000-000000000000</id>
            <parentGroupId>18546371-51f9-3135-0000-000000000000</parentGroupId>
            <position>
                <x>1256.0</x>
                <y>472.0</y>
            </position>
            <bundle>
                <artifact>nifi-standard-nar</artifact>
                <group>org.apache.nifi</group>
                <version>1.11.3</version>
            </bundle>
            <config>
                <bulletinLevel>WARN</bulletinLevel>
                <comments></comments>
                <concurrentlySchedulableTaskCount>1</concurrentlySchedulableTaskCount>
                <descriptors>
                    <entry>
                        <key>JDBC Connection Pool</key>
                        <value>
                            <identifiesControllerService>org.apache.nifi.dbcp.DBCPService</identifiesControllerService>
                            <name>JDBC Connection Pool</name>
                        </value>
                    </entry>
                    <entry>
                        <key>putsql-sql-statement</key>
                        <value>
                            <name>putsql-sql-statement</name>
                        </value>
                    </entry>
                    <entry>
                        <key>Support Fragmented Transactions</key>
                        <value>
                            <name>Support Fragmented Transactions</name>
                        </value>
                    </entry>
                    <entry>
                        <key>database-session-autocommit</key>
                        <value>
                            <name>database-session-autocommit</name>
                        </value>
                    </entry>
                    <entry>
                        <key>Transaction Timeout</key>
                        <value>
                            <name>Transaction Timeout</name>
                        </value>
                    </entry>
                    <entry>
                        <key>Batch Size</key>
                        <value>
                            <name>Batch Size</name>
                        </value>
                    </entry>
                    <entry>
                        <key>Obtain Generated Keys</key>
                        <value>
                            <name>Obtain Generated Keys</name>
                        </value>
                    </entry>
                    <entry>
                        <key>rollback-on-failure</key>
                        <value>
                            <name>rollback-on-failure</name>
                        </value>
                    </entry>
                </descriptors>
                <executionNode>ALL</executionNode>
                <lossTolerant>false</lossTolerant>
                <penaltyDuration>30 sec</penaltyDuration>
                <properties>
                    <entry>
                        <key>JDBC Connection Pool</key>
                        <value>42c84fe9-7bba-3ad3-0000-000000000000</value>
                    </entry>
                    <entry>
                        <key>putsql-sql-statement</key>
                        <value>insert into dbAula.bitcoin_rate(data, usd, gbp) values(STR_TO_DATE('${data}', '%Y-%m-%dT%H:%i:%s+00:00'),${usd:replace(',', '')},${gbp:replace(',', '')})</value>
                    </entry>
                    <entry>
                        <key>Support Fragmented Transactions</key>
                        <value>true</value>
                    </entry>
                    <entry>
                        <key>database-session-autocommit</key>
                        <value>false</value>
                    </entry>
                    <entry>
                        <key>Transaction Timeout</key>
                    </entry>
                    <entry>
                        <key>Batch Size</key>
                        <value>100</value>
                    </entry>
                    <entry>
                        <key>Obtain Generated Keys</key>
                        <value>false</value>
                    </entry>
                    <entry>
                        <key>rollback-on-failure</key>
                        <value>false</value>
                    </entry>
                </properties>
                <runDurationMillis>0</runDurationMillis>
                <schedulingPeriod>10 sec</schedulingPeriod>
                <schedulingStrategy>TIMER_DRIVEN</schedulingStrategy>
                <yieldDuration>1 sec</yieldDuration>
            </config>
            <executionNodeRestricted>false</executionNodeRestricted>
            <name>PutSQL</name>
            <relationships>
                <autoTerminate>false</autoTerminate>
                <name>failure</name>
            </relationships>
            <relationships>
                <autoTerminate>false</autoTerminate>
                <name>retry</name>
            </relationships>
            <relationships>
                <autoTerminate>true</autoTerminate>
                <name>success</name>
            </relationships>
            <state>RUNNING</state>
            <style/>
            <type>org.apache.nifi.processors.standard.PutSQL</type>
        </processors>
        <processors>
            <id>eed79291-29d2-3e6f-0000-000000000000</id>
            <parentGroupId>18546371-51f9-3135-0000-000000000000</parentGroupId>
            <position>
                <x>608.0</x>
                <y>200.0</y>
            </position>
            <bundle>
                <artifact>nifi-mongodb-nar</artifact>
                <group>org.apache.nifi</group>
                <version>1.11.3</version>
            </bundle>
            <config>
                <bulletinLevel>WARN</bulletinLevel>
                <comments></comments>
                <concurrentlySchedulableTaskCount>1</concurrentlySchedulableTaskCount>
                <descriptors>
                    <entry>
                        <key>mongo-client-service</key>
                        <value>
                            <identifiesControllerService>org.apache.nifi.mongodb.MongoDBClientService</identifiesControllerService>
                            <name>mongo-client-service</name>
                        </value>
                    </entry>
                    <entry>
                        <key>Mongo URI</key>
                        <value>
                            <name>Mongo URI</name>
                        </value>
                    </entry>
                    <entry>
                        <key>Mongo Database Name</key>
                        <value>
                            <name>Mongo Database Name</name>
                        </value>
                    </entry>
                    <entry>
                        <key>Mongo Collection Name</key>
                        <value>
                            <name>Mongo Collection Name</name>
                        </value>
                    </entry>
                    <entry>
                        <key>ssl-context-service</key>
                        <value>
                            <identifiesControllerService>org.apache.nifi.ssl.SSLContextService</identifiesControllerService>
                            <name>ssl-context-service</name>
                        </value>
                    </entry>
                    <entry>
                        <key>ssl-client-auth</key>
                        <value>
                            <name>ssl-client-auth</name>
                        </value>
                    </entry>
                    <entry>
                        <key>Write Concern</key>
                        <value>
                            <name>Write Concern</name>
                        </value>
                    </entry>
                    <entry>
                        <key>record-reader</key>
                        <value>
                            <identifiesControllerService>org.apache.nifi.serialization.RecordReaderFactory</identifiesControllerService>
                            <name>record-reader</name>
                        </value>
                    </entry>
                    <entry>
                        <key>insert_count</key>
                        <value>
                            <name>insert_count</name>
                        </value>
                    </entry>
                </descriptors>
                <executionNode>ALL</executionNode>
                <lossTolerant>false</lossTolerant>
                <penaltyDuration>30 sec</penaltyDuration>
                <properties>
                    <entry>
                        <key>mongo-client-service</key>
                    </entry>
                    <entry>
                        <key>Mongo URI</key>
                        <value>mongodb://root:root@172.18.0.4:27017</value>
                    </entry>
                    <entry>
                        <key>Mongo Database Name</key>
                        <value>dbAula</value>
                    </entry>
                    <entry>
                        <key>Mongo Collection Name</key>
                        <value>bitcoin_raw</value>
                    </entry>
                    <entry>
                        <key>ssl-context-service</key>
                    </entry>
                    <entry>
                        <key>ssl-client-auth</key>
                        <value>NONE</value>
                    </entry>
                    <entry>
                        <key>Write Concern</key>
                        <value>ACKNOWLEDGED</value>
                    </entry>
                    <entry>
                        <key>record-reader</key>
                        <value>64a88a04-d169-3cdc-0000-000000000000</value>
                    </entry>
                    <entry>
                        <key>insert_count</key>
                        <value>100</value>
                    </entry>
                </properties>
                <runDurationMillis>0</runDurationMillis>
                <schedulingPeriod>0 sec</schedulingPeriod>
                <schedulingStrategy>TIMER_DRIVEN</schedulingStrategy>
                <yieldDuration>1 sec</yieldDuration>
            </config>
            <executionNodeRestricted>false</executionNodeRestricted>
            <name>PutMongoRecord</name>
            <relationships>
                <autoTerminate>true</autoTerminate>
                <name>failure</name>
            </relationships>
            <relationships>
                <autoTerminate>true</autoTerminate>
                <name>success</name>
            </relationships>
            <state>RUNNING</state>
            <style/>
            <type>org.apache.nifi.processors.mongodb.PutMongoRecord</type>
        </processors>
    </snippet>
    <timestamp>04/22/2023 17:01:30 UTC</timestamp>
</template>
